 CloudCover,Date,Events,Max Dew PointF,Max Gust SpeedMPH,Max Humidity,Max Sea Level PressureIn,Max TemperatureF,Max VisibilityMiles,Max Wind SpeedMPH,Mean Dew PointF,Mean Humidity,Mean Sea Level PressureIn,Mean TemperatureF,Mean VisibilityMiles,Mean Wind SpeedMPH,Min DewpointF,Min Humidity,Min Sea Level PressureIn,Min TemperatureF,Min VisibilityMiles,PrecipitationIn,WindDirDegrees
8,2013-1-1,Snow,30,,100,30.1,32,10,10,27,89,30.01,28,6,8,16,77,29.94,21,2,0.0,277
4,2013-1-2,,14,,77,30.27,25,10,14,12,67,30.18,21,10,5,10,55,30.08,17,10,0.0,272
3,2013-1-3,,19,26.0,77,30.25,32,10,17,15,67,30.21,24,10,8,9,56,30.16,16,10,0.0,229
4,2013-1-4,,21,32.0,75,30.28,30,10,23,19,68,30.21,28,10,16,17,59,30.12,27,6,0.0,250
5,2013-1-5,,23,23.0,75,30.42,34,10,16,20,68,30.3,30,10,10,16,61,30.17,25,10,0.21,221
8,2013-1-6,Snow,31,22.0,87,30.22,37,10,14,28,75,30.09,34,10,9,23,65,30.0,32,8,0.26,232
5,2013-1-7,,27,,86,30.48,33,10,10,24,78,30.37,29,7,8,21,65,30.18,25,4,0.06,236
0,2013-1-8,,29,,100,30.39,43,10,12,24,75,30.33,31,8,7,19,51,30.24,19,2,0.0,178
3,2013-1-9,Rain,39,25.0,89,30.5,45,10,18,32,76,30.31,36,10,11,25,65,30.21,28,5,0.03,211
0,2013-1-10,,29,,85,30.63,41,10,10,27,69,30.51,34,10,6,25,53,30.31,30,8,0.0,72
6,2013-1-11,Fog-Rain,52,,100,30.29,53,10,9,44,86,30.05,47,7,7,26,51,29.96,41,0,0.15,160
6,2013-1-12,Fog-Rain,56,18.0,100,30.09,62,10,10,52,94,30.03,55,5,7,48,72,29.96,48,0,0.02,181
4,2013-1-13,Rain,56,26.0,100,29.95,68,10,21,53,77,29.9,62,9,9,51,61,29.86,55,4,0.16,190
5,2013-1-14,Rain,55,32.0,94,30.39,57,10,22,34,79,30.18,44,10,9,23,60,29.9,30,3,0.03,317
4,2013-1-15,Rain-Snow,30,,96,30.41,33,10,9,24,79,30.24,30,8,5,21,69,30.04,26,1,0.0,360
7,2013-1-16,Fog-Rain,32,21.0,100,30.06,34,10,14,31,94,29.96,32,3,3,28,85,29.87,30,0,0.2,270
5,2013-1-17,Snow,28,20.0,93,30.2,33,10,15,27,82,30.12,32,8,9,26,75,30.03,30,2,0.04,251
3,2013-1-18,Fog-Snow,22,29.0,86,30.52,30,10,21,14,62,30.37,24,8,12,5,47,30.2,19,0,0.03,284
1,2013-1-19,,21,39.0,48,30.26,52,10,24,16,34,30.07,42,10,15,11,24,29.82,32,10,0.05,204
2,2013-1-20,,29,34.0,60,30.15,46,10,23,17,50,29.99,35,10,16,10,40,29.79,24,10,0.0,277
7,2013-1-21,Fog-Snow,19,32.0,93,30.12,25,10,21,12,69,29.99,18,7,9,-1,52,29.88,12,0,0.0,267
4,2013-1-22,,3,26.0,70,30.32,12,10,17,-2,60,30.22,9,10,13,-6,48,30.01,6,6,0.0,274
4,2013-1-23,,10,20.0,80,30.34,16,10,13,1,62,30.25,11,10,8,-3,45,30.1,6,7,0.0,247
5,2013-1-24,Snow,11,21.0,88,30.57,21,10,14,6,67,30.35,16,8,5,-5,33,30.01,12,2,0.0,324
7,2013-1-25,Fog-Snow,16,,86,30.52,19,10,9,10,76,30.17,16,5,4,3,58,29.98,12,0,0.0,124
8,2013-1-26,Snow,21,16.0,93,30.47,27,10,10,18,79,30.22,23,5,7,13,63,30.06,19,1,0.0,275
1,2013-1-27,,19,,93,30.57,30,10,6,15,70,30.48,23,8,2,13,51,30.34,16,2,0.21,109
8,2013-1-28,Rain-Snow,49,26.0,100,30.32,50,10,18,38,91,30.12,40,4,9,19,61,29.99,30,1,0.5,195
5,2013-1-29,Fog,54,22.0,100,30.06,68,10,15,51,66,29.98,59,5,8,49,54,29.79,50,0,0.02,193
6,2013-1-30,Rain,56,50.0,100,29.76,66,10,30,52,84,29.45,58,8,14,43,60,29.24,48,1,0.99,186
8,2013-1-31,Fog-Rain-Snow,38,48.0,96,29.88,42,10,32,22,80,29.62,32,5,21,11,57,29.25,21,0,0.02,259
7,2013-2-1,Snow,19,30.0,93,30.38,21,10,21,8,72,30.06,16,7,10,0,59,29.78,9,1,0.0,277
7,2013-2-2,Snow,21,22.0,100,30.35,23,10,16,14,86,30.07,14,4,9,1,70,29.94,6,1,0.0,196
8,2013-2-3,Snow,21,26.0,96,30.06,25,9,17,18,83,29.88,21,4,7,10,71,29.78,17,1,0.0,272
8,2013-2-4,Fog-Snow,25,22.0,100,30.11,26,10,17,19,86,29.93,21,4,8,9,68,29.82,16,0,0.0,197
8,2013-2-5,Snow,29,,100,29.97,30,10,12,26,93,29.88,28,4,4,22,75,29.81,26,1,0.0,241
6,2013-2-6,Snow,27,17.0,100,30.35,30,10,10,22,79,30.16,26,7,7,16,59,29.91,21,2,0.14,276
2,2013-2-7,,28,,85,30.33,39,10,13,22,72,30.2,30,9,6,16,57,29.99,21,7,0.09,102
7,2013-2-8,Rain-Snow,36,31.0,100,30.16,37,10,20,28,86,29.91,30,5,12,19,75,29.78,24,2,0.14,261
4,2013-2-9,Snow,19,29.0,86,30.42,33,10,16,16,69,30.35,27,9,10,14,48,30.19,21,2,0.0,313
4,2013-2-10,Rain,26,23.0,81,30.38,48,10,15,18,55,30.2,34,10,5,14,31,29.98,19,10,0.0,129
5,2013-2-11,Rain,45,41.0,100,29.95,60,10,29,35,74,29.83,48,8,13,23,32,29.67,37,2,0.06,202
5,2013-2-12,,25,31.0,76,30.09,41,10,21,24,62,30.0,36,10,12,23,51,29.94,30,10,0.0,268
6,2013-2-13,Fog-Snow,32,,100,29.93,37,10,9,28,87,29.78,32,5,5,22,62,29.66,26,0,0.01,291
7,2013-2-14,Rain,34,26.0,93,29.98,41,10,15,29,83,29.93,34,7,10,24,65,29.87,27,3,0.13,194
7,2013-2-15,Snow,34,20.0,100,30.07,37,10,14,28,81,30.01,32,8,9,24,65,29.88,27,1,0.0,265
7,2013-2-16,Snow,23,17.0,93,30.07,28,10,13,17,74,30.0,24,7,5,10,51,29.87,21,2,0.05,311
8,2013-2-17,Fog-Snow,19,29.0,93,30.28,21,10,18,12,77,30.01,18,4,10,3,53,29.87,15,0,0.0,304
0,2013-2-18,,28,22.0,73,30.33,42,10,13,14,57,30.18,26,10,8,3,41,29.91,10,10,0.03,172
8,2013-2-19,Rain-Snow,37,40.0,89,29.96,45,10,24,27,74,29.8,34,8,16,13,44,29.67,24,2,0.13,234
8,2013-2-20,Snow,16,37.0,86,30.25,23,10,24,12,75,30.07,20,5,14,7,57,29.9,17,1,0.0,273
6,2013-2-21,Snow,16,18.0,86,30.39,25,10,13,14,74,30.27,21,7,7,11,59,30.15,17,1,0.0,311
7,2013-2-22,Rain,34,21.0,100,30.3,37,10,14,27,86,30.07,28,7,8,13,56,29.96,19,2,0.04,97
6,2013-2-23,,36,,93,30.01,43,10,7,31,83,29.92,38,8,2,27,70,29.84,32,3,0.0,345
7,2013-2-24,Snow,25,20.0,86,30.17,30,10,14,22,74,30.02,28,8,7,18,61,29.88,27,3,0.0,281
3,2013-2-25,,23,,81,30.25,42,10,7,21,65,30.16,34,10,3,20,43,30.09,26,7,0.0,32
6,2013-2-26,Rain,36,24.0,100,30.09,39,10,18,29,80,29.79,34,8,9,19,50,29.59,30,2,0.75,100
8,2013-2-27,Rain,37,29.0,100,29.69,42,10,21,35,90,29.62,38,9,10,30,73,29.53,33,5,0.25,218
8,2013-2-28,Snow,31,20.0,100,29.82,34,10,13,30,89,29.68,32,6,10,27,80,29.6,30,1,0.06,251
8,2013-3-1,Snow,29,23.0,93,29.99,30,10,14,25,84,29.89,28,8,9,19,74,29.79,25,2,0.01,326
8,2013-3-2,Snow,22,20.0,91,29.98,28,10,14,20,80,29.92,26,5,6,17,64,29.87,23,1,0.03,321
8,2013-3-3,Snow,22,21.0,93,30.03,26,10,13,19,79,29.95,24,6,8,15,66,29.88,21,2,0.0,302
5,2013-3-4,Snow,19,22.0,93,30.14,36,10,14,17,71,30.06,28,8,7,14,44,29.96,19,2,0.02,295
2,2013-3-5,,26,29.0,81,30.11,45,10,15,15,52,29.93,32,10,4,12,27,29.7,19,9,0.0,69
8,2013-3-6,Fog-Snow,32,28.0,100,30.12,39,10,14,29,85,29.87,34,4,9,24,59,29.65,30,0,0.34,40
8,2013-3-7,Snow,31,21.0,92,30.3,39,10,13,28,79,30.21,36,9,8,25,62,30.11,32,2,0.0,325
6,2013-3-8,,26,24.0,86,30.43,36,10,15,25,77,30.37,32,10,11,24,67,30.25,28,10,0.0,320
0,2013-3-9,,27,,85,30.43,52,10,8,24,58,30.33,40,10,3,20,34,30.2,27,9,0.01,95
2,2013-3-10,,30,22.0,46,30.18,68,10,14,26,34,30.09,55,10,8,21,21,29.99,42,10,0.0,151
3,2013-3-11,Rain,48,31.0,93,29.99,63,10,18,34,48,29.85,55,9,9,28,29,29.72,46,3,0.1,147
8,2013-3-12,Rain,43,25.0,100,30.01,45,10,17,33,79,29.88,40,10,11,26,65,29.77,35,2,0.1,263
7,2013-3-13,Fog-Snow,29,38.0,93,30.15,37,10,23,25,80,29.98,32,5,11,17,59,29.89,26,0,0.01,262
5,2013-3-14,,19,28.0,75,30.24,37,10,20,17,60,30.18,30,10,13,15,41,30.14,23,10,0.0,282
5,2013-3-15,Rain,36,26.0,86,30.14,48,10,21,25,60,29.96,38,10,9,18,48,29.83,28,6,0.01,243
8,2013-3-16,Rain,38,,100,29.98,39,10,12,34,96,29.77,36,3,4,30,89,29.62,32,1,0.05,11
6,2013-3-17,,28,,89,30.22,37,10,9,22,71,30.13,32,10,5,19,56,29.98,28,8,0.0,351
8,2013-3-18,Rain-Snow,35,28.0,100,30.17,39,10,18,30,87,29.9,34,7,12,21,66,29.69,30,2,0.33,127
6,2013-3-19,Rain,43,41.0,100,29.98,44,10,29,29,74,29.8,36,8,12,15,41,29.67,28,2,0.03,255
4,2013-3-20,,19,33.0,69,29.99,39,10,21,16,54,29.92,32,10,13,14,39,29.83,25,10,0.0,274
7,2013-3-21,Snow,19,24.0,86,29.93,28,10,16,13,69,29.87,22,8,9,5,43,29.81,18,1,0.0,290
6,2013-3-22,Snow,19,24.0,78,30.05,33,10,16,18,67,29.96,28,10,12,16,54,29.86,24,7,0.0,276
0,2013-3-23,,22,17.0,78,30.06,46,10,12,19,59,30.02,34,10,5,17,37,29.97,23,10,0.0,310
3,2013-3-24,Snow,30,23.0,93,30.0,43,10,15,23,69,29.77,34,8,7,19,41,29.53,26,1,0.0,73
8,2013-3-25,Fog-Snow,34,22.0,100,29.75,35,4,15,31,97,29.51,32,2,10,28,87,29.42,30,0,0.62,177
8,2013-3-26,Fog-Snow,32,23.0,100,30.09,39,10,14,30,86,29.92,34,6,8,28,65,29.71,30,0,0.08,313
8,2013-3-27,Snow,31,25.0,100,30.18,41,10,14,29,85,30.09,34,6,9,23,51,30.03,30,1,0.06,283
8,2013-3-28,Snow,29,21.0,85,30.28,42,10,15,28,69,30.2,37,9,10,26,57,30.1,33,2,0.01,300
7,2013-3-29,,30,21.0,73,30.28,52,10,10,25,53,30.24,43,10,5,18,29,30.17,36,10,0.0,291
0,2013-3-30,,26,,66,30.27,54,10,8,20,41,30.18,43,10,3,17,26,30.04,33,10,0.0,162
6,2013-3-31,Rain,45,,93,30.02,48,10,13,38,78,29.8,44,9,7,18,35,29.72,42,4,0.1,196
6,2013-4-1,Fog-Snow,43,34.0,93,30.04,45,10,23,27,67,29.87,38,8,12,10,28,29.7,32,0,0.02,296
4,2013-4-2,Snow,21,28.0,86,30.21,39,10,17,14,54,30.13,30,9,7,10,33,30.05,24,1,0.0,301
1,2013-4-3,,20,28.0,66,30.44,39,10,17,12,45,30.33,32,10,8,7,30,30.2,26,10,0.0,308
0,2013-4-4,,16,,74,30.41,53,10,10,11,38,30.21,36,10,5,4,14,29.99,21,9,0.0,141
1,2013-4-5,,26,26.0,57,30.19,55,10,18,21,41,30.01,46,10,9,17,28,29.94,35,10,0.0,303
1,2013-4-6,,21,,64,30.31,59,10,9,14,37,30.2,42,10,5,6,13,30.04,28,10,0.0,136
3,2013-4-7,,46,34.0,60,30.02,73,10,21,35,37,29.94,62,10,13,19,26,29.88,53,10,0.0,206
4,2013-4-8,,47,28.0,66,30.05,75,10,18,43,49,29.98,62,10,7,40,33,29.9,51,10,0.0,202
2,2013-4-9,,54,22.0,70,30.1,81,10,15,50,51,30.0,70,10,9,46,36,29.91,61,10,0.0,233
5,2013-4-10,Rain-Thunderstorm,61,39.0,94,29.96,81,10,29,56,63,29.89,70,8,11,50,43,29.8,59,2,0.42,240
2,2013-4-11,,58,,100,29.88,75,10,10,56,78,29.79,66,8,7,51,50,29.6,57,1,0.01,177
7,2013-4-12,Rain,59,30.0,96,29.86,66,10,18,50,75,29.62,55,9,11,32,52,29.51,45,3,0.44,224
5,2013-4-13,,34,26.0,73,30.04,55,10,21,31,58,29.93,47,10,10,28,42,29.85,39,10,0.0,269
1,2013-4-14,,34,16.0,70,30.17,62,10,9,30,49,30.09,48,10,6,26,31,30.03,36,10,0.0,179
5,2013-4-15,,48,24.0,65,30.11,66,10,18,43,51,30.07,60,10,11,34,42,29.98,55,10,0.0,152
6,2013-4-16,Fog-Rain-Thunderstorm,59,53.0,100,30.21,80,10,34,55,80,30.13,66,5,10,47,46,30.05,54,0,1.23,212
6,2013-4-17,Fog,57,,100,30.26,66,10,8,53,88,30.18,58,5,2,46,61,30.12,51,0,0.0,352
1,2013-4-18,,58,32.0,81,30.12,84,10,21,55,57,29.93,72,10,13,52,37,29.78,61,7,0.0,167
5,2013-4-19,Rain,61,41.0,88,29.87,71,10,29,47,66,29.67,58,9,17,28,49,29.51,44,4,0.15,219
6,2013-4-20,Rain-Snow,30,33.0,70,30.42,46,10,21,25,54,30.11,42,10,14,21,37,29.88,35,10,0.01,275
0,2013-4-21,,24,,67,30.61,53,10,9,20,44,30.52,41,10,5,16,24,30.44,30,10,0.0,62
0,2013-4-22,,29,20.0,51,30.48,62,10,14,24,37,30.39,52,10,9,19,21,30.3,42,10,0.0,125
0,2013-4-23,,37,,73,30.29,70,10,10,33,44,30.15,54,10,7,29,25,29.97,39,10,0.0,138
7,2013-4-24,Rain-Thunderstorm,55,43.0,88,30.17,71,10,25,44,68,29.9,54,9,12,33,47,29.77,39,2,0.26,233
4,2013-4-25,Rain,38,23.0,86,30.38,57,10,20,31,61,30.27,46,10,8,27,33,30.18,36,10,0.01,240
1,2013-4-26,,36,,79,30.49,61,10,5,30,50,30.43,50,10,3,23,26,30.37,41,8,0.0,311
0,2013-4-27,,38,17.0,60,30.4,73,10,10,31,37,30.3,58,10,4,25,21,30.17,44,10,0.0,101
5,2013-4-28,Rain,52,22.0,90,30.16,60,10,14,46,71,30.05,57,9,9,38,44,29.96,54,4,0.18,134
8,2013-4-29,Rain,57,,94,30.04,64,10,10,53,83,29.99,58,8,7,47,74,29.95,52,2,0.13,156
3,2013-4-30,,55,20.0,93,30.21,72,10,14,51,71,30.12,63,10,7,48,49,30.03,54,2,0.0,121
0,2013-5-1,,50,21.0,80,30.32,75,10,14,45,53,30.28,64,10,9,31,28,30.2,54,10,0.0,121
0,2013-5-2,,40,22.0,55,30.37,77,10,15,33,34,30.29,64,10,7,25,15,30.22,52,10,0.0,111
0,2013-5-3,,41,28.0,54,30.26,73,10,18,37,39,30.22,62,10,10,31,25,30.18,51,10,0.0,125
0,2013-5-4,,41,25.0,64,30.22,71,10,17,37,45,30.17,58,10,10,33,30,30.1,46,10,0.0,116
0,2013-5-5,,40,24.0,66,30.16,73,10,16,31,37,30.1,62,10,9,19,14,30.03,50,10,0.0,111
4,2013-5-6,,52,26.0,75,30.1,69,10,16,46,62,30.06,58,10,8,35,49,30.02,48,10,0.0,104
7,2013-5-7,Rain,57,21.0,87,30.03,68,10,15,53,76,30.0,62,10,7,52,59,29.96,57,8,0.11,73
4,2013-5-8,Rain,56,,97,30.0,73,10,9,49,65,29.95,64,10,5,44,35,29.9,54,6,0.21,75
4,2013-5-9,,55,17.0,90,30.0,78,10,9,51,63,29.96,66,10,5,43,31,29.91,55,10,0.0,278
6,2013-5-10,Rain-Thunderstorm,61,38.0,94,30.01,75,10,26,57,81,29.91,65,8,9,50,59,29.81,57,1,0.25,188
8,2013-5-11,Rain,59,16.0,96,29.86,61,10,13,54,88,29.81,56,8,9,46,77,29.78,52,1,0.25,261
6,2013-5-12,Rain,48,32.0,88,30.06,53,10,24,31,56,29.94,46,10,13,24,35,29.83,39,10,0.0,283
2,2013-5-13,,28,25.0,70,30.2,53,10,16,24,47,30.13,44,10,8,21,30,30.07,36,10,0.0,296
3,2013-5-14,,38,,92,30.21,62,10,12,33,57,30.1,46,10,4,21,39,29.91,32,7,0.0,149
3,2013-5-15,Rain,59,30.0,70,29.89,86,10,23,53,54,29.8,70,10,11,39,38,29.73,54,10,0.0,217
3,2013-5-16,Rain,63,18.0,93,29.99,78,10,13,56,64,29.88,70,9,8,46,34,29.78,62,4,0.21,250
4,2013-5-17,,61,,96,30.12,81,10,8,56,74,30.07,70,6,5,44,35,30.0,59,1,0.0,255
1,2013-5-18,,61,22.0,75,30.14,82,10,14,53,57,30.09,68,10,5,41,42,30.04,57,10,0.0,89
5,2013-5-19,Rain,63,,93,30.12,77,10,12,60,74,30.06,67,10,7,57,61,30.0,59,5,0.02,126
3,2013-5-20,,66,,94,30.05,84,10,12,63,73,30.01,72,10,6,60,53,29.93,62,9,0.0,173
2,2013-5-21,Rain,68,21.0,93,29.97,86,10,16,65,70,29.91,76,9,9,62,46,29.84,66,2,0.08,194
3,2013-5-22,Rain-Thunderstorm,67,44.0,87,29.9,86,10,15,62,72,29.84,75,10,10,59,46,29.8,64,2,0.06,185
7,2013-5-23,Rain,63,36.0,100,29.89,77,10,17,59,88,29.83,63,7,10,48,56,29.79,50,2,0.63,237
8,2013-5-24,Rain,45,26.0,93,30.3,48,10,17,37,75,30.13,45,10,14,28,54,29.92,41,4,0.02,324
1,2013-5-25,,36,25.0,86,30.33,63,10,17,32,57,30.29,48,10,8,29,31,30.24,35,10,0.0,315
0,2013-5-26,,37,22.0,70,30.31,66,10,10,33,46,30.27,52,10,7,30,28,30.23,39,10,0.0,322
2,2013-5-27,,47,,80,30.29,62,10,8,41,58,30.23,53,10,3,30,41,30.12,45,10,0.0,144
5,2013-5-28,Rain,64,25.0,93,30.1,80,10,17,58,74,30.06,68,10,7,47,52,30.01,55,5,0.16,176
1,2013-5-29,,61,25.0,76,30.1,84,10,17,59,57,30.07,75,10,10,57,41,30.02,66,9,0.0,203
1,2013-5-30,,64,16.0,90,30.2,87,10,12,61,58,30.14,75,10,6,58,38,30.1,63,4,0.0,196
1,2013-5-31,,65,24.0,87,30.13,88,10,12,62,60,30.07,77,10,7,59,41,30.0,68,8,0.0,196
3,2013-6-1,,64,26.0,84,30.03,88,10,17,63,62,29.94,77,10,8,60,46,29.82,68,10,0.0,194
4,2013-6-2,Rain,67,26.0,93,29.88,81,10,18,61,67,29.84,74,10,11,56,45,29.8,69,10,0.08,226
7,2013-6-3,,57,17.0,83,30.08,68,10,12,52,67,29.96,63,10,7,38,51,29.87,54,10,0.0,334
0,2013-6-4,,46,,74,30.18,73,10,9,42,52,30.13,60,10,4,39,35,30.08,48,10,0.0,346
1,2013-6-5,,59,21.0,69,30.15,82,10,12,52,56,30.05,68,10,5,44,47,29.94,55,10,0.0,101
8,2013-6-6,Fog-Rain,65,17.0,100,29.94,71,10,13,62,91,29.84,66,5,8,58,63,29.79,62,0,1.13,148
8,2013-6-7,Fog,63,25.0,100,29.87,66,10,10,60,93,29.8,63,4,3,53,77,29.76,59,0,0.01,329
6,2013-6-8,,55,,87,30.12,72,10,9,53,71,30.0,64,10,3,52,55,29.88,57,6,0.0,295
3,2013-6-9,,63,20.0,86,30.18,82,10,8,59,66,30.1,71,9,4,55,44,30.03,60,6,0.0,113
7,2013-6-10,Rain,70,,100,30.03,75,10,12,66,86,29.86,70,8,6,63,76,29.8,64,1,0.7,177
6,2013-6-11,Rain,66,21.0,94,29.9,78,10,14,63,82,29.85,70,8,9,61,60,29.8,64,2,0.0,250
2,2013-6-12,Rain,70,,84,29.92,82,10,12,65,72,29.86,75,10,6,62,54,29.76,68,8,0.0,230
7,2013-6-13,Rain-Thunderstorm,72,31.0,96,29.79,73,10,21,63,84,29.67,68,8,12,54,73,29.55,61,1,0.88,272
4,2013-6-14,,57,16.0,90,30.07,73,10,12,55,75,29.95,65,10,6,52,48,29.81,57,7,0.0,318
1,2013-6-15,,55,16.0,90,30.14,77,10,10,51,59,30.08,66,10,5,46,33,30.02,55,10,0.0,261
7,2013-6-16,Rain,66,24.0,93,30.02,73,10,15,62,81,29.95,68,8,8,54,63,29.92,62,2,0.28,220
3,2013-6-17,,66,,94,29.99,82,10,10,62,71,29.95,74,9,6,54,39,29.91,66,6,0.0,254
3,2013-6-18,Fog-Rain,66,16.0,94,29.96,77,10,14,62,80,29.9,70,9,4,59,67,29.86,64,0,0.29,314
0,2013-6-19,,58,,90,30.16,75,10,9,50,59,30.08,66,10,6,45,37,29.97,57,10,0.0,4
0,2013-6-20,,55,,86,30.24,81,10,6,51,53,30.2,68,10,1,46,31,30.16,55,9,0.0,304
0,2013-6-21,,60,,93,30.27,84,10,6,56,58,30.23,72,9,2,54,37,30.17,60,4,0.0,180
1,2013-6-22,,67,17.0,90,30.22,86,10,12,64,66,30.16,75,9,6,58,51,30.09,64,5,0.0,191
1,2013-6-23,,69,20.0,90,30.17,88,10,12,66,65,30.12,78,10,7,62,46,30.07,69,6,0.0,202
1,2013-6-24,,67,,87,30.15,89,10,10,64,61,30.09,78,10,6,62,43,30.02,69,10,0.0,224
2,2013-6-25,Rain-Thunderstorm,67,39.0,94,30.06,89,10,17,65,70,29.99,77,9,9,57,48,29.91,66,1,0.02,220
7,2013-6-26,Fog-Rain-Thunderstorm,68,22.0,100,30.0,82,10,14,66,88,29.93,74,5,8,64,58,29.83,66,0,1.59,188
6,2013-6-27,Rain,70,21.0,96,29.82,75,10,16,68,88,29.73,72,7,6,63,74,29.66,69,1,0.57,220
5,2013-6-28,Rain,67,30.0,94,29.66,78,10,15,65,84,29.59,70,9,6,62,66,29.52,64,6,0.06,209
2,2013-6-29,,64,23.0,96,29.7,79,10,14,61,77,29.62,70,10,6,59,56,29.56,60,7,0.01,204
2,2013-6-30,Rain-Thunderstorm,66,30.0,100,29.86,82,10,20,64,84,29.78,72,6,4,61,53,29.7,62,0,0.35,138
6,2013-7-1,Rain,67,,100,29.97,79,10,8,65,83,29.9,72,7,3,64,64,29.82,66,1,0.18,29
4,2013-7-2,Fog-Rain,68,16.0,100,30.07,84,10,12,67,83,30.01,74,7,3,65,58,29.95,66,0,0.14,163
2,2013-7-3,,68,22.0,82,30.19,86,10,15,66,70,30.14,78,10,7,64,53,30.07,71,10,0.0,174
4,2013-7-4,Rain,70,23.0,93,30.24,86,10,17,67,75,30.18,77,9,5,65,53,30.14,70,2,0.25,176
2,2013-7-5,Fog-Rain,70,22.0,96,30.19,86,10,15,68,81,30.16,76,6,6,66,56,30.12,69,0,0.02,191
2,2013-7-6,Rain,70,,93,30.19,89,10,15,69,72,30.13,78,10,6,66,51,30.04,70,3,0.06,204
5,2013-7-7,Rain,70,,94,30.13,77,10,13,67,82,30.1,72,10,8,65,71,30.03,70,5,0.1,218
4,2013-7-8,,68,17.0,94,30.14,82,10,12,65,74,30.1,74,10,7,61,54,30.06,66,6,0.04,230
7,2013-7-9,Rain,73,26.0,100,30.14,82,10,13,68,89,30.08,75,5,8,64,74,29.99,68,1,1.38,198
6,2013-7-10,Fog-Rain-Thunderstorm,76,55.0,100,30.04,86,10,25,69,92,29.97,76,6,8,64,69,29.84,66,0,2.19,200
6,2013-7-11,,65,,100,30.01,77,10,8,61,79,29.97,70,9,4,55,54,29.91,64,6,0.0,328
4,2013-7-12,Rain,64,,90,30.12,75,10,8,60,77,30.06,67,10,5,55,64,30.01,59,9,0.03,7
4,2013-7-13,,67,,90,30.25,82,10,9,64,72,30.18,73,10,4,60,58,30.11,64,10,0.0,73
1,2013-7-14,,68,,87,30.31,88,10,13,66,63,30.27,80,10,7,65,48,30.23,71,10,0.0,160
1,2013-7-15,,75,,90,30.35,90,10,8,68,64,30.3,80,10,5,66,49,30.26,71,7,0.0,209
3,2013-7-16,Rain-Thunderstorm,75,30.0,100,30.34,91,10,17,71,82,30.3,80,7,3,68,54,30.27,71,1,0.83,250
3,2013-7-17,Fog-Rain-Thunderstorm,75,,100,30.33,88,10,9,72,92,30.27,78,3,2,70,65,30.19,69,0,0.01,177
2,2013-7-18,Fog,75,,100,30.21,90,10,9,73,87,30.15,80,5,4,70,52,30.04,71,0,0.01,183
2,2013-7-19,Rain-Thunderstorm,74,32.0,97,30.05,90,10,15,71,78,29.98,80,7,8,66,55,29.9,72,0,0.33,213
4,2013-7-20,Rain,71,25.0,94,29.95,80,10,15,68,84,29.91,74,8,8,66,69,29.87,69,1,0.11,226
5,2013-7-21,Rain-Thunderstorm,70,16.0,96,30.0,82,10,13,68,87,29.96,74,8,4,64,65,29.92,68,2,0.12,170
4,2013-7-22,Fog-Rain-Thunderstorm,72,21.0,100,29.98,80,10,12,68,94,29.88,71,4,2,64,76,29.8,64,0,0.87,149
6,2013-7-23,Rain,68,48.0,100,29.8,82,10,17,65,88,29.77,72,6,7,63,52,29.73,62,1,0.31,258
5,2013-7-24,,64,18.0,100,30.01,72,10,10,57,77,29.88,66,10,5,51,53,29.77,60,6,0.0,336
0,2013-7-25,,52,,90,30.1,75,10,8,51,63,30.06,64,10,4,49,41,30.01,54,10,0.0,11
0,2013-7-26,,59,,96,30.12,78,10,8,55,65,30.07,66,9,2,52,40,30.01,55,5,0.0,160
6,2013-7-27,Fog-Rain-Thunderstorm,67,,100,30.01,72,10,10,63,90,29.94,66,6,5,57,75,29.88,62,0,0.95,162
5,2013-7-28,Rain-Thunderstorm,65,22.0,100,30.05,75,10,12,60,82,29.94,68,8,7,52,50,29.87,62,2,0.15,211
2,2013-7-29,,54,22.0,86,30.21,73,10,13,52,65,30.13,64,10,6,51,48,30.06,55,10,0.0,236
2,2013-7-30,,57,,90,30.26,75,10,8,55,63,30.21,66,10,3,52,50,30.17,57,10,0.0,257
4,2013-7-31,Rain,65,,96,30.17,78,10,9,62,81,30.09,68,8,2,57,56,29.98,60,2,0.03,181
6,2013-8-1,Rain,66,,100,29.97,80,10,10,63,81,29.92,72,9,6,58,52,29.88,64,2,0.03,219
1,2013-8-2,,61,21.0,86,30.01,77,10,14,57,65,29.96,68,10,7,51,43,29.92,62,10,0.0,246
6,2013-8-3,Rain,66,20.0,96,30.01,75,10,13,62,82,29.98,70,9,8,53,61,29.95,64,4,0.21,241
3,2013-8-4,Rain,57,20.0,93,30.11,73,10,12,54,69,30.06,65,10,5,50,46,30.01,57,8,0.0,327
1,2013-8-5,,55,,96,30.15,73,10,7,52,66,30.1,63,10,2,48,44,30.04,55,9,0.0,323
1,2013-8-6,,60,,90,30.05,79,10,8,54,61,30.02,68,10,2,51,39,29.99,57,4,0.0,144
4,2013-8-7,Rain-Thunderstorm,69,25.0,100,30.01,82,10,13,65,85,29.99,73,9,6,61,62,29.94,64,2,0.04,162
4,2013-8-8,,72,,100,30.0,82,10,13,69,85,29.97,74,10,7,65,67,29.93,66,6,0.0,181
7,2013-8-9,Fog-Rain,72,22.0,100,30.03,77,10,10,70,91,29.94,72,7,6,62,76,29.9,69,0,0.63,245
2,2013-8-10,Rain,63,,90,30.11,80,10,6,61,71,30.08,72,10,3,57,54,30.04,64,10,0.0,316
5,2013-8-11,,68,,93,30.14,81,10,6,62,74,30.09,72,10,2,56,56,30.04,63,9,0.01,12
1,2013-8-12,Fog,67,,100,30.09,82,10,9,64,82,30.03,72,6,2,61,52,29.9,64,0,0.0,191
5,2013-8-13,,67,22.0,97,29.99,78,10,16,62,78,29.86,68,8,7,49,54,29.81,57,4,0.0,252
4,2013-8-14,Rain,55,18.0,86,30.17,68,10,10,50,71,30.09,59,10,6,48,54,29.99,52,9,0.0,313
0,2013-8-15,,53,,96,30.22,72,10,6,48,63,30.17,61,10,2,46,40,30.13,50,8,0.0,163
0,2013-8-16,,54,,93,30.19,78,10,7,52,62,30.16,64,10,2,48,37,30.13,54,9,0.0,69
0,2013-8-17,,57,16.0,83,30.27,77,10,10,54,64,30.23,68,10,3,50,40,30.19,59,10,0.0,109
6,2013-8-18,Rain,65,,93,30.24,71,10,7,61,81,30.2,67,10,3,56,71,30.16,63,9,0.02,108
7,2013-8-19,Fog-Rain-Thunderstorm,66,,100,30.17,78,10,7,64,90,30.13,70,5,1,59,62,30.08,64,0,0.28,295
1,2013-8-20,,64,,100,30.22,81,10,7,59,72,30.17,68,9,4,57,47,30.12,57,2,0.0,181
1,2013-8-21,,67,,100,30.22,82,10,10,62,76,30.16,72,7,3,59,44,30.08,62,2,0.0,185
4,2013-8-22,Rain,70,,97,30.12,82,10,12,66,85,30.07,73,9,7,63,56,30.0,64,3,0.28,215
6,2013-8-23,Rain,67,,100,30.16,80,10,9,64,83,30.06,72,6,2,54,45,30.0,66,1,0.02,65
1,2013-8-24,,60,,87,30.31,79,10,5,56,66,30.26,68,10,3,54,45,30.17,57,10,0.0,76
1,2013-8-25,,60,,93,30.38,82,10,9,58,68,30.32,70,9,5,55,41,30.26,59,5,0.0,188
1,2013-8-26,,65,21.0,90,30.27,84,10,15,61,67,30.17,72,10,7,58,44,30.04,61,10,0.0,211
5,2013-8-27,Rain,70,16.0,93,30.04,81,10,10,68,81,30.0,76,8,6,66,66,29.96,71,4,0.0,233
7,2013-8-28,Fog-Rain,73,20.0,100,29.95,79,10,12,70,96,29.9,74,4,5,69,82,29.85,69,0,0.97,163
5,2013-8-29,,70,,100,30.06,84,10,8,68,85,29.99,76,5,4,65,56,29.93,69,1,0.0,4
1,2013-8-30,Fog,69,17.0,100,30.03,86,10,12,67,84,29.98,74,5,4,64,55,29.86,64,0,0.0,181
2,2013-8-31,,70,17.0,93,29.87,84,10,13,68,79,29.84,77,8,8,67,56,29.79,70,5,0.0,201
5,2013-9-1,Rain,70,,100,29.87,79,10,12,69,90,29.84,74,8,6,68,74,29.8,69,3,0.0,182
5,2013-9-2,Fog-Rain,70,23.0,100,29.86,84,10,18,68,84,29.81,76,7,8,64,56,29.75,66,0,0.17,237
5,2013-9-3,Fog,63,17.0,100,30.06,72,10,12,58,84,29.94,64,8,6,53,57,29.84,60,0,0.0,308
0,2013-9-4,,56,,96,30.15,75,10,12,54,71,30.1,64,9,6,52,48,30.06,53,3,0.0,247
3,2013-9-5,,59,17.0,88,30.23,73,10,9,54,69,30.14,65,10,7,46,46,30.08,57,10,0.0,307
0,2013-9-6,,47,,90,30.29,73,10,7,43,56,30.23,60,10,4,36,27,30.15,48,10,0.0,51
1,2013-9-7,Fog,56,,100,30.14,78,10,9,50,72,30.08,63,7,3,46,33,29.96,48,0,0.0,193
5,2013-9-8,,66,16.0,84,30.07,79,10,9,61,73,29.99,71,10,5,55,60,29.93,63,8,0.0,78
4,2013-9-9,Rain,72,,94,30.12,81,10,7,63,84,30.07,68,8,4,55,67,30.03,57,1,0.07,130
1,2013-9-10,,73,21.0,93,30.15,90,9,14,70,78,30.11,79,7,9,67,57,30.06,69,4,0.0,194
2,2013-9-11,Rain,73,,97,30.17,87,10,10,70,81,30.11,78,7,7,66,65,30.03,72,3,0.01,186
5,2013-9-12,Rain,70,,100,30.01,77,10,13,67,91,29.91,69,6,7,61,73,29.82,63,1,0.05,229
7,2013-9-13,Rain,60,24.0,96,30.04,66,10,15,52,82,29.91,60,9,7,44,59,29.83,52,5,0.1,322
5,2013-9-14,,47,,87,30.19,64,10,8,44,69,30.12,57,10,4,40,44,30.03,50,10,0.0,331
1,2013-9-15,Fog,54,17.0,100,30.21,70,10,12,48,78,30.15,56,8,5,43,50,30.09,44,0,0.0,179
6,2013-9-16,Rain,56,20.0,100,30.33,69,10,12,54,85,30.18,61,6,4,49,55,30.09,52,2,0.25,325
0,2013-9-17,,50,,96,30.42,69,10,8,45,70,30.34,57,10,4,41,44,30.29,46,10,0.0,71
1,2013-9-18,,53,,81,30.27,73,10,8,47,64,30.21,60,10,5,40,44,30.14,48,10,0.0,147
5,2013-9-19,,61,,97,30.16,75,10,9,58,77,30.12,68,8,4,54,53,30.05,60,3,0.0,177
4,2013-9-20,Fog,67,,100,30.06,79,10,9,61,88,30.0,68,5,6,57,64,29.85,59,0,0.0,164
6,2013-9-21,Rain,66,29.0,100,29.83,70,10,17,60,93,29.75,63,5,8,56,81,29.7,57,1,1.19,235
7,2013-9-22,Fog,55,18.0,100,30.04,62,10,12,51,89,29.89,56,6,6,43,55,29.81,52,0,0.01,309
6,2013-9-23,,48,,89,30.17,59,10,7,43,71,30.12,52,10,3,39,57,30.04,48,10,0.0,356
0,2013-9-24,Fog,45,,100,30.14,68,10,7,42,77,30.09,54,6,1,39,36,29.99,39,0,0.0,45
0,2013-9-25,,50,,96,30.0,73,10,6,47,66,29.95,60,9,2,45,39,29.9,48,5,0.0,58
0,2013-9-26,,51,,96,30.09,73,10,6,49,64,30.03,62,10,2,44,34,29.95,51,8,0.0,9
0,2013-9-27,,53,,92,30.21,73,10,6,50,68,30.17,62,10,2,48,42,30.1,51,5,0.0,73
1,2013-9-28,,53,,96,30.28,73,10,9,51,72,30.22,62,10,5,48,46,30.17,51,6,0.0,112
2,2013-9-29,,55,,86,30.17,73,10,9,52,70,30.1,62,10,6,47,51,30.03,52,10,0.0,158
7,2013-9-30,,60,,94,30.07,70,10,8,56,82,30.04,62,10,5,52,64,30.01,55,9,0.0,180
4,2013-10-1,,59,18.0,96,30.1,75,10,10,58,75,30.06,67,9,6,56,52,30.02,59,3,0.0,226
2,2013-10-2,,63,18.0,93,30.12,79,10,12,60,74,30.08,68,10,7,57,54,30.05,59,7,0.0,233
4,2013-10-3,Fog-Rain,67,16.0,100,30.12,78,10,10,62,89,30.09,68,5,4,60,64,30.04,60,0,0.16,177
4,2013-10-4,Rain,67,25.0,100,30.13,81,10,16,65,85,30.08,72,8,6,62,56,30.05,63,2,0.23,201
3,2013-10-5,Fog-Rain,67,31.0,100,30.11,82,10,18,66,91,30.05,73,4,4,64,56,30.01,64,0,0.72,167
2,2013-10-6,,66,18.0,100,29.99,84,10,13,63,74,29.9,74,8,7,57,44,29.77,66,2,0.0,171
5,2013-10-7,Rain,58,24.0,97,30.15,71,10,17,49,76,29.88,60,8,11,41,57,29.71,48,2,0.44,245
1,2013-10-8,Fog,47,,100,30.33,64,10,8,44,74,30.27,53,8,5,42,46,30.15,42,0,0.0,58
0,2013-10-9,,45,,90,30.36,66,10,9,41,64,30.3,56,10,4,38,40,30.26,45,8,0.0,76
1,2013-10-10,,47,,80,30.24,70,10,7,42,59,30.18,58,10,3,38,37,30.11,46,10,0.0,63
7,2013-10-11,Rain,56,,97,30.12,59,10,7,51,88,30.09,55,7,4,45,72,30.07,51,1,0.14,32
6,2013-10-12,Rain,61,,90,30.18,73,10,9,56,78,30.12,64,10,3,51,63,30.08,54,8,0.0,87
7,2013-10-13,Rain,59,,93,30.27,69,10,9,56,79,30.24,63,10,4,54,68,30.17,57,10,0.01,100
8,2013-10-14,Rain,57,,100,30.32,61,10,8,56,92,30.28,58,8,1,55,82,30.24,57,1,0.04,352
2,2013-10-15,Fog,58,,100,30.24,70,10,9,55,87,30.14,61,6,2,52,68,30.01,53,0,0.0,134
6,2013-10-16,Rain,59,,97,29.99,63,10,12,56,88,29.94,59,9,8,51,75,29.89,55,4,0.3,189
8,2013-10-17,Rain,59,28.0,100,29.93,61,10,17,51,90,29.84,55,8,7,46,74,29.7,48,1,0.54,286
3,2013-10-18,,47,22.0,93,30.05,61,10,16,42,71,29.98,52,10,11,38,46,29.9,44,10,0.0,235
4,2013-10-19,Fog-Rain,46,25.0,100,29.98,53,10,15,41,86,29.88,46,9,8,37,69,29.77,39,0,0.07,201
1,2013-10-20,,38,24.0,93,30.07,57,10,20,36,69,30.03,47,10,10,35,45,29.97,39,10,0.0,218
1,2013-10-21,,37,22.0,83,30.08,64,10,15,35,53,30.0,52,10,8,31,29,29.87,39,10,0.0,189
5,2013-10-22,Rain,46,23.0,100,29.99,55,10,14,35,68,29.91,47,9,7,24,38,29.85,39,5,0.16,278
7,2013-10-23,Rain,39,28.0,93,29.96,43,10,17,35,86,29.82,40,8,3,30,60,29.75,36,4,0.15,303
6,2013-10-24,,34,25.0,93,30.17,45,10,16,30,73,30.05,40,10,10,26,51,29.95,34,10,0.0,254
6,2013-10-25,Snow,32,,93,30.36,48,10,15,29,75,30.27,39,9,8,25,46,30.17,32,2,0.0,247
4,2013-10-26,Rain,30,29.0,85,30.27,48,10,21,26,58,30.08,39,10,12,21,34,29.92,30,10,0.0,210
1,2013-10-27,,33,17.0,86,30.13,52,10,10,30,61,30.07,44,10,7,27,41,30.0,36,10,0.0,248
1,2013-10-28,,36,,89,30.31,57,10,6,32,61,30.24,46,9,4,29,34,30.12,34,4,0.0,189
1,2013-10-29,,38,,93,30.4,57,10,5,36,65,30.34,47,10,2,35,44,30.29,37,7,0.0,29
5,2013-10-30,Rain,53,,90,30.25,63,10,7,44,70,30.19,54,10,2,36,53,30.13,45,9,0.0,176
7,2013-10-31,Rain,57,32.0,97,30.11,66,10,17,55,84,29.89,62,9,9,53,63,29.49,57,5,0.18,176
6,2013-11-1,Rain,56,61.0,90,29.72,69,10,24,48,70,29.59,60,10,16,41,48,29.36,52,1,0.15,227
8,2013-11-2,Rain,43,26.0,93,29.97,53,10,15,40,77,29.81,48,10,8,38,64,29.68,42,6,0.01,275
3,2013-11-3,,40,20.0,89,30.48,48,10,13,32,72,30.22,42,10,8,23,48,29.97,34,10,0.0,341
0,2013-11-4,,23,,78,30.57,46,10,10,21,54,30.51,37,10,5,19,34,30.46,28,10,0.0,94
0,2013-11-5,,31,,62,30.52,59,10,9,28,48,30.45,49,10,5,24,35,30.36,39,10,0.0,131
4,2013-11-6,Rain,56,26.0,94,30.34,72,10,16,44,61,30.11,57,9,8,27,40,29.95,42,2,0.03,187
8,2013-11-7,Rain,56,28.0,94,30.15,57,10,17,41,79,30.0,48,8,10,23,49,29.87,39,2,0.72,283
5,2013-11-8,,29,21.0,76,30.32,44,10,17,25,60,30.23,40,10,9,21,42,30.1,32,10,0.0,276
2,2013-11-9,,28,28.0,82,30.3,57,10,17,23,49,30.13,44,10,9,18,22,29.98,30,10,0.0,191
5,2013-11-10,,35,33.0,70,30.3,53,10,21,30,55,30.13,45,10,16,25,41,29.98,37,10,0.0,260
7,2013-11-11,Rain-Snow,39,29.0,89,30.3,48,10,20,30,65,30.15,40,9,10,24,38,30.04,33,3,0.02,231
6,2013-11-12,Fog-Snow,32,28.0,93,30.5,33,10,17,25,80,30.31,30,6,12,18,54,30.08,28,0,0.17,324
2,2013-11-13,Snow,22,22.0,85,30.56,36,10,15,20,68,30.48,30,9,8,17,46,30.4,25,2,0.0,256
0,2013-11-14,,21,20.0,75,30.39,48,10,15,18,50,30.3,37,10,10,16,27,30.2,26,10,0.0,190
2,2013-11-15,,34,21.0,50,30.24,54,10,14,22,38,30.2,46,10,9,17,23,30.15,37,10,0.0,196
2,2013-11-16,,47,21.0,86,30.25,61,10,13,42,67,30.16,52,10,7,35,55,30.05,43,9,0.0,161
8,2013-11-17,Rain,57,39.0,90,30.03,62,10,21,52,81,29.82,57,9,10,45,64,29.56,52,2,0.67,180
3,2013-11-18,,37,44.0,68,30.06,57,10,26,32,52,29.85,48,10,18,24,40,29.67,39,10,0.0,264
6,2013-11-19,,25,23.0,69,30.43,39,10,14,23,58,30.27,34,10,10,21,52,30.08,30,10,0.0,332
0,2013-11-20,,21,21.0,75,30.5,48,10,15,15,46,30.43,38,10,6,7,20,30.38,27,10,0.0,104
4,2013-11-21,,38,,59,30.45,55,10,10,28,49,30.36,44,10,6,16,42,30.24,34,10,0.0,136
8,2013-11-22,Rain,52,30.0,94,30.26,54,10,22,45,85,30.16,46,7,9,30,59,30.06,37,2,0.29,259
6,2013-11-23,Snow,30,33.0,86,30.37,37,10,20,21,69,30.23,29,7,12,6,48,30.15,21,0,0.0,314
3,2013-11-24,Snow,10,29.0,73,30.57,24,10,16,8,61,30.48,20,10,12,4,42,30.36,17,5,0.0,283
3,2013-11-25,,13,,70,30.53,37,10,13,7,47,30.39,26,10,8,5,27,30.25,15,10,0.0,188
8,2013-11-26,Fog-Rain-Snow,34,21.0,100,30.24,34,10,13,31,92,30.01,33,1,6,27,75,29.71,32,0,1.08,144
8,2013-11-27,Rain-Snow,32,37.0,93,30.15,33,10,20,25,83,29.81,28,5,12,14,65,29.69,23,1,0.02,315
6,2013-11-28,,20,22.0,75,30.45,28,10,14,15,65,30.36,23,10,10,10,56,30.17,18,10,0.0,232
3,2013-11-29,,20,,75,30.68,35,10,8,19,63,30.6,31,10,5,16,48,30.45,27,10,0.0,328
0,2013-11-30,,24,,73,30.63,39,10,10,20,63,30.44,32,10,7,17,48,30.25,25,10,0.0,138
7,2013-12-1,,29,,67,30.23,44,10,10,27,58,30.09,39,10,8,24,49,29.99,34,10,0.0,199
7,2013-12-2,Rain,35,,83,29.98,48,10,7,32,67,29.9,42,10,5,28,56,29.84,37,8,0.0,248
4,2013-12-3,Rain,40,,93,29.93,54,10,6,37,75,29.9,46,7,2,34,53,29.86,37,2,0.01,83
3,2013-12-4,,45,,80,30.01,57,10,9,41,69,29.94,50,9,5,36,62,29.9,42,5,0.0,142
7,2013-12-5,Rain,58,29.0,94,30.05,63,10,20,50,84,29.92,51,5,10,37,65,29.87,39,2,1.0,210
8,2013-12-6,Fog-Rain-Snow,37,22.0,93,30.29,39,10,14,31,89,30.14,34,5,8,26,81,30.03,28,0,0.59,341
6,2013-12-7,Snow,27,20.0,93,30.61,30,10,10,20,75,30.44,26,10,7,12,58,30.24,19,2,0.0,331
7,2013-12-8,Fog-Rain-Snow,29,17.0,93,30.58,30,10,13,20,81,30.32,24,5,6,11,68,30.04,19,0,0.09,82
8,2013-12-9,Fog-Rain,37,24.0,100,30.16,37,10,17,32,87,30.02,34,4,9,22,69,29.94,30,0,0.04,200
5,2013-12-10,Fog-Snow,22,25.0,88,30.29,30,10,20,18,71,30.09,26,6,10,8,43,30.0,23,0,0.05,267
4,2013-12-11,Snow,21,24.0,80,30.38,30,10,16,14,64,30.32,24,9,10,10,51,30.24,19,3,0.0,255
4,2013-12-12,,12,26.0,71,30.5,23,10,16,5,57,30.38,18,10,10,2,42,30.29,12,9,0.0,260
2,2013-12-13,,17,,59,30.29,34,10,15,11,50,30.26,28,10,9,3,45,30.23,21,10,0.0,233
8,2013-12-14,Fog-Rain-Snow,37,21.0,93,30.25,39,10,14,30,85,29.9,34,4,6,17,54,29.64,30,0,0.55,127
8,2013-12-15,Rain-Snow,37,36.0,93,30.06,39,10,26,24,78,29.82,30,8,13,8,55,29.63,21,2,0.02,264
8,2013-12-16,Snow,21,17.0,86,30.2,26,10,8,15,73,30.1,22,7,5,10,62,30.0,19,2,0.0,297
8,2013-12-17,Snow,31,23.0,93,30.06,35,10,14,25,82,29.98,30,5,7,21,66,29.91,24,1,0.07,228
6,2013-12-18,Snow,25,22.0,93,30.22,28,10,16,20,76,30.12,26,9,11,16,63,30.0,24,2,0.0,249
0,2013-12-19,,33,24.0,72,30.14,51,10,16,25,52,30.08,39,10,10,17,42,30.02,27,10,0.0,202
7,2013-12-20,Rain,49,26.0,86,30.02,55,10,16,39,64,29.95,50,10,11,24,36,29.9,46,5,0.02,193
7,2013-12-21,Rain,59,28.0,94,29.9,61,10,20,54,86,29.84,58,8,10,48,74,29.66,55,2,0.81,183
7,2013-12-22,Rain,58,47.0,90,29.95,68,10,26,53,75,29.81,62,10,15,46,65,29.57,55,2,0.2,214
8,2013-12-23,Rain,46,26.0,93,30.31,55,10,16,33,78,30.14,42,8,8,17,57,29.96,30,4,0.07,291
7,2013-12-24,Fog-Snow,23,29.0,86,30.55,30,10,18,15,69,30.32,22,6,9,5,46,30.19,14,0,0.02,285
5,2013-12-25,Snow,23,,88,30.54,27,10,7,14,71,30.37,20,8,4,6,55,30.19,12,2,0.0,164
6,2013-12-26,Snow,27,28.0,93,30.37,36,10,20,23,74,30.21,31,6,9,13,48,30.11,26,1,0.06,220
4,2013-12-27,,25,,66,30.39,41,10,12,20,56,30.34,34,10,8,14,48,30.29,27,10,0.0,207
0,2013-12-28,,27,20.0,56,30.27,52,10,16,24,47,30.2,43,10,10,19,38,30.08,34,10,0.0,197
8,2013-12-29,Fog-Rain,40,21.0,100,30.03,44,10,15,37,87,29.77,42,5,8,23,45,29.65,39,0,0.66,301
8,2013-12-30,Rain-Snow,37,26.0,87,30.22,41,10,16,21,76,30.08,32,8,9,14,64,29.82,23,1,0.01,320
7,2013-12-31,Snow,21,33.0,85,30.34,26,10,22,17,73,30.17,24,6,9,12,60,30.04,23,0,0.0,235
