state,good,prop_selling
Alabama,Bakedgoods,0.7605633802816901
Alabama,Beans,0.08450704225352113
Alabama,Cheese,0.22535211267605634
Alabama,Coffee,0.19718309859154928
Alabama,Crafts,0.4225352112676056
Alabama,Eggs,0.5915492957746479
Alabama,Flowers,0.43661971830985913
Alabama,Fruits,0.7605633802816901
Alabama,Grains,0.09859154929577464
Alabama,Herbs,0.6197183098591549
Alabama,Honey,0.8591549295774648
Alabama,Jams,0.8591549295774648
Alabama,Juices,0.11267605633802817
Alabama,Maple,0.014084507042253521
Alabama,Meat,0.2535211267605634
Alabama,Mushrooms,0.056338028169014086
Alabama,Nursery,0.07042253521126761
Alabama,Nuts,0.2676056338028169
Alabama,PetFood,0.11267605633802817
Alabama,Plants,0.5915492957746479
Alabama,Poultry,0.19718309859154928
Alabama,Prepared,0.4084507042253521
Alabama,Seafood,0.056338028169014086
Alabama,Soap,0.5352112676056338
Alabama,Tofu,0.014084507042253521
Alabama,Trees,0.29577464788732394
Alabama,Vegetables,0.9577464788732394
Alabama,WildHarvested,0.09859154929577464
Alabama,Wine,0.0
Arizona,Bakedgoods,0.803030303030303
Arizona,Beans,0.5303030303030303
Arizona,Cheese,0.48484848484848486
Arizona,Coffee,0.696969696969697
Arizona,Crafts,0.6363636363636364
Arizona,Eggs,0.7575757575757576
Arizona,Flowers,0.45454545454545453
Arizona,Fruits,0.9090909090909091
Arizona,Grains,0.3787878787878788
Arizona,Herbs,0.7878787878787878
Arizona,Honey,0.7878787878787878
Arizona,Jams,0.8181818181818182
Arizona,Juices,0.48484848484848486
Arizona,Maple,0.18181818181818182
Arizona,Meat,0.48484848484848486
Arizona,Mushrooms,0.2727272727272727
Arizona,Nursery,0.0
Arizona,Nuts,0.5303030303030303
Arizona,PetFood,0.4393939393939394
Arizona,Plants,0.6666666666666666
Arizona,Poultry,0.4090909090909091
Arizona,Prepared,0.7727272727272727
Arizona,Seafood,0.3181818181818182
Arizona,Soap,0.7878787878787878
Arizona,Tofu,0.07575757575757576
Arizona,Trees,0.36363636363636365
Arizona,Vegetables,0.9090909090909091
Arizona,WildHarvested,0.22727272727272727
Arizona,Wine,0.09090909090909091
Arkansas,Bakedgoods,0.9152542372881356
Arkansas,Beans,0.13559322033898305
Arkansas,Cheese,0.2033898305084746
Arkansas,Coffee,0.3898305084745763
Arkansas,Crafts,0.8305084745762712
Arkansas,Eggs,0.864406779661017
Arkansas,Flowers,0.7457627118644068
Arkansas,Fruits,0.864406779661017
Arkansas,Grains,0.15254237288135594
Arkansas,Herbs,0.6949152542372882
Arkansas,Honey,0.847457627118644
Arkansas,Jams,0.8983050847457628
Arkansas,Juices,0.11864406779661017
Arkansas,Maple,0.1016949152542373
Arkansas,Meat,0.5084745762711864
Arkansas,Mushrooms,0.1694915254237288
Arkansas,Nursery,0.01694915254237288
Arkansas,Nuts,0.23728813559322035
Arkansas,PetFood,0.2542372881355932
Arkansas,Plants,0.6779661016949152
Arkansas,Poultry,0.3559322033898305
Arkansas,Prepared,0.423728813559322
Arkansas,Seafood,0.05084745762711865
Arkansas,Soap,0.7457627118644068
Arkansas,Tofu,0.0
Arkansas,Trees,0.2711864406779661
Arkansas,Vegetables,0.9491525423728814
Arkansas,WildHarvested,0.15254237288135594
Arkansas,Wine,0.03389830508474576
California,Bakedgoods,0.8687782805429864
California,Beans,0.19230769230769232
California,Cheese,0.5384615384615384
California,Coffee,0.36425339366515835
California,Crafts,0.4751131221719457
California,Eggs,0.7262443438914027
California,Flowers,0.7873303167420814
California,Fruits,0.8235294117647058
California,Grains,0.1425339366515837
California,Herbs,0.7873303167420814
California,Honey,0.8393665158371041
California,Jams,0.6990950226244343
California,Juices,0.4117647058823529
California,Maple,0.04751131221719457
California,Meat,0.4457013574660634
California,Mushrooms,0.29638009049773756
California,Nursery,0.06561085972850679
California,Nuts,0.7171945701357466
California,PetFood,0.09954751131221719
California,Plants,0.5497737556561086
California,Poultry,0.40497737556561086
California,Prepared,0.8076923076923077
California,Seafood,0.43891402714932126
California,Soap,0.5927601809954751
California,Tofu,0.09049773755656108
California,Trees,0.38687782805429866
California,Vegetables,0.9638009049773756
California,WildHarvested,0.07692307692307693
California,Wine,0.15384615384615385
Colorado,Bakedgoods,0.9183673469387755
Colorado,Beans,0.21428571428571427
Colorado,Cheese,0.5306122448979592
Colorado,Coffee,0.5510204081632653
Colorado,Crafts,0.7755102040816326
Colorado,Eggs,0.7653061224489796
Colorado,Flowers,0.6530612244897959
Colorado,Fruits,0.8061224489795918
Colorado,Grains,0.21428571428571427
Colorado,Herbs,0.7653061224489796
Colorado,Honey,0.8877551020408163
Colorado,Jams,0.8877551020408163
Colorado,Juices,0.3877551020408163
Colorado,Maple,0.17346938775510204
Colorado,Meat,0.7142857142857143
Colorado,Mushrooms,0.2755102040816326
Colorado,Nursery,0.07142857142857142
Colorado,Nuts,0.25510204081632654
Colorado,PetFood,0.2755102040816326
Colorado,Plants,0.6632653061224489
Colorado,Poultry,0.42857142857142855
Colorado,Prepared,0.8163265306122449
Colorado,Seafood,0.30612244897959184
Colorado,Soap,0.8877551020408163
Colorado,Tofu,0.05102040816326531
Colorado,Trees,0.14285714285714285
Colorado,Vegetables,0.9591836734693877
Colorado,WildHarvested,0.17346938775510204
Colorado,Wine,0.30612244897959184
Connecticut,Bakedgoods,0.9629629629629629
Connecticut,Beans,0.14814814814814814
Connecticut,Cheese,0.7962962962962963
Connecticut,Coffee,0.5
Connecticut,Crafts,0.6111111111111112
Connecticut,Eggs,0.8333333333333334
Connecticut,Flowers,0.8518518518518519
Connecticut,Fruits,0.8703703703703703
Connecticut,Grains,0.1111111111111111
Connecticut,Herbs,0.7962962962962963
Connecticut,Honey,0.9074074074074074
Connecticut,Jams,0.9074074074074074
Connecticut,Juices,0.2037037037037037
Connecticut,Maple,0.8148148148148148
Connecticut,Meat,0.7222222222222222
Connecticut,Mushrooms,0.37037037037037035
Connecticut,Nursery,0.037037037037037035
Connecticut,Nuts,0.09259259259259259
Connecticut,PetFood,0.24074074074074073
Connecticut,Plants,0.5925925925925926
Connecticut,Poultry,0.5740740740740741
Connecticut,Prepared,0.8148148148148148
Connecticut,Seafood,0.2777777777777778
Connecticut,Soap,0.8888888888888888
Connecticut,Tofu,0.0
Connecticut,Trees,0.2222222222222222
Connecticut,Vegetables,0.9814814814814815
Connecticut,WildHarvested,0.037037037037037035
Connecticut,Wine,0.1111111111111111
Delaware,Bakedgoods,0.6785714285714286
Delaware,Beans,0.0
Delaware,Cheese,0.4642857142857143
Delaware,Coffee,0.32142857142857145
Delaware,Crafts,0.2857142857142857
Delaware,Eggs,0.75
Delaware,Flowers,0.7142857142857143
Delaware,Fruits,0.7857142857142857
Delaware,Grains,0.10714285714285714
Delaware,Herbs,0.6785714285714286
Delaware,Honey,0.7142857142857143
Delaware,Jams,0.7142857142857143
Delaware,Juices,0.21428571428571427
Delaware,Maple,0.14285714285714285
Delaware,Meat,0.6785714285714286
Delaware,Mushrooms,0.35714285714285715
Delaware,Nursery,0.07142857142857142
Delaware,Nuts,0.14285714285714285
Delaware,PetFood,0.14285714285714285
Delaware,Plants,0.5357142857142857
Delaware,Poultry,0.5714285714285714
Delaware,Prepared,0.6071428571428571
Delaware,Seafood,0.17857142857142858
Delaware,Soap,0.5714285714285714
Delaware,Tofu,0.0
Delaware,Trees,0.21428571428571427
Delaware,Vegetables,0.8571428571428571
Delaware,WildHarvested,0.07142857142857142
Delaware,Wine,0.07142857142857142
District of Columbia,Bakedgoods,0.8863636363636364
District of Columbia,Beans,0.36363636363636365
District of Columbia,Cheese,0.5909090909090909
District of Columbia,Coffee,0.4090909090909091
District of Columbia,Crafts,0.20454545454545456
District of Columbia,Eggs,0.8636363636363636
District of Columbia,Flowers,0.7272727272727273
District of Columbia,Fruits,0.9090909090909091
District of Columbia,Grains,0.06818181818181818
District of Columbia,Herbs,0.8863636363636364
District of Columbia,Honey,0.6136363636363636
District of Columbia,Jams,0.45454545454545453
District of Columbia,Juices,0.4090909090909091
District of Columbia,Maple,0.09090909090909091
District of Columbia,Meat,0.7272727272727273
District of Columbia,Mushrooms,0.4772727272727273
District of Columbia,Nursery,0.0
District of Columbia,Nuts,0.18181818181818182
District of Columbia,PetFood,0.11363636363636363
District of Columbia,Plants,0.3181818181818182
District of Columbia,Poultry,0.6818181818181818
District of Columbia,Prepared,0.4318181818181818
District of Columbia,Seafood,0.4090909090909091
District of Columbia,Soap,0.11363636363636363
District of Columbia,Tofu,0.045454545454545456
District of Columbia,Trees,0.045454545454545456
District of Columbia,Vegetables,0.9545454545454546
District of Columbia,WildHarvested,0.06818181818181818
District of Columbia,Wine,0.06818181818181818
Florida,Bakedgoods,0.9230769230769231
Florida,Beans,0.1987179487179487
Florida,Cheese,0.6538461538461539
Florida,Coffee,0.46794871794871795
Florida,Crafts,0.7371794871794872
Florida,Eggs,0.7564102564102564
Florida,Flowers,0.6217948717948718
Florida,Fruits,0.8076923076923077
Florida,Grains,0.25
Florida,Herbs,0.8782051282051282
Florida,Honey,0.9294871794871795
Florida,Jams,0.9166666666666666
Florida,Juices,0.4230769230769231
Florida,Maple,0.358974358974359
Florida,Meat,0.4935897435897436
Florida,Mushrooms,0.3269230769230769
Florida,Nursery,0.08333333333333333
Florida,Nuts,0.5384615384615384
Florida,PetFood,0.41025641025641024
Florida,Plants,0.7948717948717948
Florida,Poultry,0.42948717948717946
Florida,Prepared,0.8076923076923077
Florida,Seafood,0.5705128205128205
Florida,Soap,0.8141025641025641
Florida,Tofu,0.10256410256410256
Florida,Trees,0.6666666666666666
Florida,Vegetables,0.967948717948718
Florida,WildHarvested,0.23717948717948717
Florida,Wine,0.05128205128205128
Georgia,Bakedgoods,0.9274193548387096
Georgia,Beans,0.12096774193548387
Georgia,Cheese,0.5887096774193549
Georgia,Coffee,0.3790322580645161
Georgia,Crafts,0.6370967741935484
Georgia,Eggs,0.7903225806451613
Georgia,Flowers,0.6774193548387096
Georgia,Fruits,0.8225806451612904
Georgia,Grains,0.22580645161290322
Georgia,Herbs,0.7983870967741935
Georgia,Honey,0.9193548387096774
Georgia,Jams,0.9032258064516129
Georgia,Juices,0.29838709677419356
Georgia,Maple,0.1532258064516129
Georgia,Meat,0.5725806451612904
Georgia,Mushrooms,0.3064516129032258
Georgia,Nursery,0.03225806451612903
Georgia,Nuts,0.43548387096774194
Georgia,PetFood,0.25806451612903225
Georgia,Plants,0.6129032258064516
Georgia,Poultry,0.41935483870967744
Georgia,Prepared,0.5483870967741935
Georgia,Seafood,0.25806451612903225
Georgia,Soap,0.8064516129032258
Georgia,Tofu,0.056451612903225805
Georgia,Trees,0.3709677419354839
Georgia,Vegetables,0.9274193548387096
Georgia,WildHarvested,0.21774193548387097
Georgia,Wine,0.03225806451612903
Idaho,Bakedgoods,0.918918918918919
Idaho,Beans,0.05405405405405406
Idaho,Cheese,0.5135135135135135
Idaho,Coffee,0.24324324324324326
Idaho,Crafts,0.8648648648648649
Idaho,Eggs,0.6756756756756757
Idaho,Flowers,0.7567567567567568
Idaho,Fruits,0.6216216216216216
Idaho,Grains,0.1891891891891892
Idaho,Herbs,0.918918918918919
Idaho,Honey,0.8648648648648649
Idaho,Jams,0.8918918918918919
Idaho,Juices,0.13513513513513514
Idaho,Maple,0.13513513513513514
Idaho,Meat,0.5135135135135135
Idaho,Mushrooms,0.10810810810810811
Idaho,Nursery,0.10810810810810811
Idaho,Nuts,0.2702702702702703
Idaho,PetFood,0.08108108108108109
Idaho,Plants,0.8108108108108109
Idaho,Poultry,0.24324324324324326
Idaho,Prepared,0.8648648648648649
Idaho,Seafood,0.10810810810810811
Idaho,Soap,0.8918918918918919
Idaho,Tofu,0.0
Idaho,Trees,0.32432432432432434
Idaho,Vegetables,0.972972972972973
Idaho,WildHarvested,0.13513513513513514
Idaho,Wine,0.24324324324324326
Illinois,Bakedgoods,0.9267015706806283
Illinois,Beans,0.16753926701570682
Illinois,Cheese,0.5287958115183246
Illinois,Coffee,0.4083769633507853
Illinois,Crafts,0.5968586387434555
Illinois,Eggs,0.6335078534031413
Illinois,Flowers,0.7225130890052356
Illinois,Fruits,0.8219895287958116
Illinois,Grains,0.18848167539267016
Illinois,Herbs,0.8010471204188482
Illinois,Honey,0.7801047120418848
Illinois,Jams,0.7696335078534031
Illinois,Juices,0.225130890052356
Illinois,Maple,0.28272251308900526
Illinois,Meat,0.581151832460733
Illinois,Mushrooms,0.2931937172774869
Illinois,Nursery,0.04712041884816754
Illinois,Nuts,0.2774869109947644
Illinois,PetFood,0.32460732984293195
Illinois,Plants,0.7172774869109948
Illinois,Poultry,0.49214659685863876
Illinois,Prepared,0.6335078534031413
Illinois,Seafood,0.21465968586387435
Illinois,Soap,0.6963350785340314
Illinois,Tofu,0.09947643979057591
Illinois,Trees,0.2617801047120419
Illinois,Vegetables,0.9581151832460733
Illinois,WildHarvested,0.13612565445026178
Illinois,Wine,0.06806282722513089
Indiana,Bakedgoods,0.9791666666666666
Indiana,Beans,0.125
Indiana,Cheese,0.5277777777777778
Indiana,Coffee,0.4444444444444444
Indiana,Crafts,0.8055555555555556
Indiana,Eggs,0.7569444444444444
Indiana,Flowers,0.7708333333333334
Indiana,Fruits,0.8541666666666666
Indiana,Grains,0.1875
Indiana,Herbs,0.7708333333333334
Indiana,Honey,0.8958333333333334
Indiana,Jams,0.8611111111111112
Indiana,Juices,0.19444444444444445
Indiana,Maple,0.5416666666666666
Indiana,Meat,0.6458333333333334
Indiana,Mushrooms,0.2222222222222222
Indiana,Nursery,0.034722222222222224
Indiana,Nuts,0.24305555555555555
Indiana,PetFood,0.2986111111111111
Indiana,Plants,0.8888888888888888
Indiana,Poultry,0.4375
Indiana,Prepared,0.6319444444444444
Indiana,Seafood,0.10416666666666667
Indiana,Soap,0.8333333333333334
Indiana,Tofu,0.006944444444444444
Indiana,Trees,0.2569444444444444
Indiana,Vegetables,0.9861111111111112
Indiana,WildHarvested,0.1736111111111111
Indiana,Wine,0.08333333333333333
Iowa,Bakedgoods,0.9801980198019802
Iowa,Beans,0.06930693069306931
Iowa,Cheese,0.22772277227722773
Iowa,Coffee,0.24752475247524752
Iowa,Crafts,0.8415841584158416
Iowa,Eggs,0.8217821782178217
Iowa,Flowers,0.7326732673267327
Iowa,Fruits,0.7821782178217822
Iowa,Grains,0.09900990099009901
Iowa,Herbs,0.8118811881188119
Iowa,Honey,0.8316831683168316
Iowa,Jams,0.9207920792079208
Iowa,Juices,0.1485148514851485
Iowa,Maple,0.18811881188118812
Iowa,Meat,0.4752475247524752
Iowa,Mushrooms,0.1188118811881188
Iowa,Nursery,0.06930693069306931
Iowa,Nuts,0.37623762376237624
Iowa,PetFood,0.18811881188118812
Iowa,Plants,0.8118811881188119
Iowa,Poultry,0.3069306930693069
Iowa,Prepared,0.5346534653465347
Iowa,Seafood,0.0594059405940594
Iowa,Soap,0.6534653465346535
Iowa,Tofu,0.009900990099009901
Iowa,Trees,0.15841584158415842
Iowa,Vegetables,0.9801980198019802
Iowa,WildHarvested,0.10891089108910891
Iowa,Wine,0.2079207920792079
Kansas,Bakedgoods,0.948051948051948
Kansas,Beans,0.06493506493506493
Kansas,Cheese,0.15584415584415584
Kansas,Coffee,0.22077922077922077
Kansas,Crafts,0.6883116883116883
Kansas,Eggs,0.7922077922077922
Kansas,Flowers,0.6233766233766234
Kansas,Fruits,0.7662337662337663
Kansas,Grains,0.18181818181818182
Kansas,Herbs,0.7142857142857143
Kansas,Honey,0.8181818181818182
Kansas,Jams,0.8961038961038961
Kansas,Juices,0.15584415584415584
Kansas,Maple,0.07792207792207792
Kansas,Meat,0.4935064935064935
Kansas,Mushrooms,0.12987012987012986
Kansas,Nursery,0.012987012987012988
Kansas,Nuts,0.3116883116883117
Kansas,PetFood,0.15584415584415584
Kansas,Plants,0.6233766233766234
Kansas,Poultry,0.2987012987012987
Kansas,Prepared,0.4935064935064935
Kansas,Seafood,0.0
Kansas,Soap,0.5844155844155844
Kansas,Tofu,0.0
Kansas,Trees,0.16883116883116883
Kansas,Vegetables,0.948051948051948
Kansas,WildHarvested,0.1038961038961039
Kansas,Wine,0.07792207792207792
Kentucky,Bakedgoods,0.8631578947368421
Kentucky,Beans,0.17894736842105263
Kentucky,Cheese,0.3157894736842105
Kentucky,Coffee,0.18947368421052632
Kentucky,Crafts,0.6631578947368421
Kentucky,Eggs,0.8
Kentucky,Flowers,0.6631578947368421
Kentucky,Fruits,0.8631578947368421
Kentucky,Grains,0.11578947368421053
Kentucky,Herbs,0.7894736842105263
Kentucky,Honey,0.8947368421052632
Kentucky,Jams,0.8421052631578947
Kentucky,Juices,0.14736842105263157
Kentucky,Maple,0.29473684210526313
Kentucky,Meat,0.5684210526315789
Kentucky,Mushrooms,0.16842105263157894
Kentucky,Nursery,0.08421052631578947
Kentucky,Nuts,0.21052631578947367
Kentucky,PetFood,0.14736842105263157
Kentucky,Plants,0.7578947368421053
Kentucky,Poultry,0.42105263157894735
Kentucky,Prepared,0.3684210526315789
Kentucky,Seafood,0.10526315789473684
Kentucky,Soap,0.7157894736842105
Kentucky,Tofu,0.0
Kentucky,Trees,0.29473684210526313
Kentucky,Vegetables,0.968421052631579
Kentucky,WildHarvested,0.08421052631578947
Kentucky,Wine,0.15789473684210525
Louisiana,Bakedgoods,0.8421052631578947
Louisiana,Beans,0.15789473684210525
Louisiana,Cheese,0.42105263157894735
Louisiana,Coffee,0.2982456140350877
Louisiana,Crafts,0.5789473684210527
Louisiana,Eggs,0.7368421052631579
Louisiana,Flowers,0.47368421052631576
Louisiana,Fruits,0.7894736842105263
Louisiana,Grains,0.19298245614035087
Louisiana,Herbs,0.7192982456140351
Louisiana,Honey,0.8421052631578947
Louisiana,Jams,0.8947368421052632
Louisiana,Juices,0.22807017543859648
Louisiana,Maple,0.03508771929824561
Louisiana,Meat,0.3333333333333333
Louisiana,Mushrooms,0.15789473684210525
Louisiana,Nursery,0.08771929824561403
Louisiana,Nuts,0.3508771929824561
Louisiana,PetFood,0.15789473684210525
Louisiana,Plants,0.6666666666666666
Louisiana,Poultry,0.3157894736842105
Louisiana,Prepared,0.6491228070175439
Louisiana,Seafood,0.43859649122807015
Louisiana,Soap,0.6842105263157895
Louisiana,Tofu,0.07017543859649122
Louisiana,Trees,0.40350877192982454
Louisiana,Vegetables,1.0
Louisiana,WildHarvested,0.24561403508771928
Louisiana,Wine,0.17543859649122806
Maine,Bakedgoods,0.8787878787878788
Maine,Beans,0.2878787878787879
Maine,Cheese,0.7878787878787878
Maine,Coffee,0.2878787878787879
Maine,Crafts,0.6818181818181818
Maine,Eggs,0.8333333333333334
Maine,Flowers,0.8181818181818182
Maine,Fruits,0.7878787878787878
Maine,Grains,0.16666666666666666
Maine,Herbs,0.9393939393939394
Maine,Honey,0.6818181818181818
Maine,Jams,0.8484848484848485
Maine,Juices,0.24242424242424243
Maine,Maple,0.7878787878787878
Maine,Meat,0.8636363636363636
Maine,Mushrooms,0.2727272727272727
Maine,Nursery,0.06060606060606061
Maine,Nuts,0.030303030303030304
Maine,PetFood,0.10606060606060606
Maine,Plants,0.7424242424242424
Maine,Poultry,0.5757575757575758
Maine,Prepared,0.5757575757575758
Maine,Seafood,0.3181818181818182
Maine,Soap,0.7575757575757576
Maine,Tofu,0.030303030303030304
Maine,Trees,0.21212121212121213
Maine,Vegetables,0.9242424242424242
Maine,WildHarvested,0.25757575757575757
Maine,Wine,0.18181818181818182
Maryland,Bakedgoods,0.9652173913043478
Maryland,Beans,0.06956521739130435
Maryland,Cheese,0.46956521739130436
Maryland,Coffee,0.34782608695652173
Maryland,Crafts,0.5652173913043478
Maryland,Eggs,0.8782608695652174
Maryland,Flowers,0.7130434782608696
Maryland,Fruits,0.7739130434782608
Maryland,Grains,0.05217391304347826
Maryland,Herbs,0.8260869565217391
Maryland,Honey,0.8
Maryland,Jams,0.8347826086956521
Maryland,Juices,0.25217391304347825
Maryland,Maple,0.16521739130434782
Maryland,Meat,0.6173913043478261
Maryland,Mushrooms,0.22608695652173913
Maryland,Nursery,0.14782608695652175
Maryland,Nuts,0.24347826086956523
Maryland,PetFood,0.16521739130434782
Maryland,Plants,0.7652173913043478
Maryland,Poultry,0.591304347826087
Maryland,Prepared,0.6260869565217392
Maryland,Seafood,0.24347826086956523
Maryland,Soap,0.7217391304347827
Maryland,Tofu,0.043478260869565216
Maryland,Trees,0.2
Maryland,Vegetables,0.9739130434782609
Maryland,WildHarvested,0.11304347826086956
Maryland,Wine,0.33043478260869563
Massachusetts,Bakedgoods,0.8833333333333333
Massachusetts,Beans,0.075
Massachusetts,Cheese,0.5833333333333334
Massachusetts,Coffee,0.4166666666666667
Massachusetts,Crafts,0.5541666666666667
Massachusetts,Eggs,0.8291666666666667
Massachusetts,Flowers,0.6208333333333333
Massachusetts,Fruits,0.8208333333333333
Massachusetts,Grains,0.08333333333333333
Massachusetts,Herbs,0.7291666666666666
Massachusetts,Honey,0.8208333333333333
Massachusetts,Jams,0.775
Massachusetts,Juices,0.2833333333333333
Massachusetts,Maple,0.65
Massachusetts,Meat,0.65
Massachusetts,Mushrooms,0.22083333333333333
Massachusetts,Nursery,0.075
Massachusetts,Nuts,0.1375
Massachusetts,PetFood,0.225
Massachusetts,Plants,0.5291666666666667
Massachusetts,Poultry,0.5791666666666667
Massachusetts,Prepared,0.6458333333333334
Massachusetts,Seafood,0.4041666666666667
Massachusetts,Soap,0.6541666666666667
Massachusetts,Tofu,0.05
Massachusetts,Trees,0.1
Massachusetts,Vegetables,0.9583333333333334
Massachusetts,WildHarvested,0.12083333333333333
Massachusetts,Wine,0.2875
Michigan,Bakedgoods,0.9201680672268907
Michigan,Beans,0.18907563025210083
Michigan,Cheese,0.4579831932773109
Michigan,Coffee,0.3487394957983193
Michigan,Crafts,0.6890756302521008
Michigan,Eggs,0.7647058823529411
Michigan,Flowers,0.773109243697479
Michigan,Fruits,0.8487394957983193
Michigan,Grains,0.13445378151260504
Michigan,Herbs,0.819327731092437
Michigan,Honey,0.8529411764705882
Michigan,Jams,0.8445378151260504
Michigan,Juices,0.18067226890756302
Michigan,Maple,0.726890756302521
Michigan,Meat,0.44537815126050423
Michigan,Mushrooms,0.25210084033613445
Michigan,Nursery,0.037815126050420166
Michigan,Nuts,0.20588235294117646
Michigan,PetFood,0.18907563025210083
Michigan,Plants,0.7563025210084033
Michigan,Poultry,0.42016806722689076
Michigan,Prepared,0.6134453781512605
Michigan,Seafood,0.20168067226890757
Michigan,Soap,0.7394957983193278
Michigan,Tofu,0.046218487394957986
Michigan,Trees,0.3067226890756303
Michigan,Vegetables,0.9243697478991597
Michigan,WildHarvested,0.18487394957983194
Michigan,Wine,0.14705882352941177
Minnesota,Bakedgoods,0.8188976377952756
Minnesota,Beans,0.09448818897637795
Minnesota,Cheese,0.28346456692913385
Minnesota,Coffee,0.2755905511811024
Minnesota,Crafts,0.6535433070866141
Minnesota,Eggs,0.7007874015748031
Minnesota,Flowers,0.6929133858267716
Minnesota,Fruits,0.7086614173228346
Minnesota,Grains,0.16535433070866143
Minnesota,Herbs,0.7559055118110236
Minnesota,Honey,0.7086614173228346
Minnesota,Jams,0.8503937007874016
Minnesota,Juices,0.12598425196850394
Minnesota,Maple,0.5590551181102362
Minnesota,Meat,0.4015748031496063
Minnesota,Mushrooms,0.14960629921259844
Minnesota,Nursery,0.047244094488188976
Minnesota,Nuts,0.11023622047244094
Minnesota,PetFood,0.07874015748031496
Minnesota,Plants,0.6456692913385826
Minnesota,Poultry,0.44881889763779526
Minnesota,Prepared,0.5039370078740157
Minnesota,Seafood,0.15748031496062992
Minnesota,Soap,0.6062992125984252
Minnesota,Tofu,0.015748031496062992
Minnesota,Trees,0.1968503937007874
Minnesota,Vegetables,0.937007874015748
Minnesota,WildHarvested,0.12598425196850394
Minnesota,Wine,0.007874015748031496
Mississippi,Bakedgoods,0.8666666666666667
Mississippi,Beans,0.044444444444444446
Mississippi,Cheese,0.5333333333333333
Mississippi,Coffee,0.3111111111111111
Mississippi,Crafts,0.5777777777777777
Mississippi,Eggs,0.6666666666666666
Mississippi,Flowers,0.7555555555555555
Mississippi,Fruits,0.7777777777777778
Mississippi,Grains,0.1111111111111111
Mississippi,Herbs,0.8222222222222222
Mississippi,Honey,0.8222222222222222
Mississippi,Jams,0.9111111111111111
Mississippi,Juices,0.1111111111111111
Mississippi,Maple,0.022222222222222223
Mississippi,Meat,0.28888888888888886
Mississippi,Mushrooms,0.13333333333333333
Mississippi,Nursery,0.06666666666666667
Mississippi,Nuts,0.4666666666666667
Mississippi,PetFood,0.13333333333333333
Mississippi,Plants,0.7555555555555555
Mississippi,Poultry,0.1111111111111111
Mississippi,Prepared,0.5111111111111111
Mississippi,Seafood,0.1111111111111111
Mississippi,Soap,0.6888888888888889
Mississippi,Tofu,0.0
Mississippi,Trees,0.37777777777777777
Mississippi,Vegetables,1.0
Mississippi,WildHarvested,0.13333333333333333
Mississippi,Wine,0.0
Missouri,Bakedgoods,0.8975903614457831
Missouri,Beans,0.07228915662650602
Missouri,Cheese,0.21084337349397592
Missouri,Coffee,0.19879518072289157
Missouri,Crafts,0.7530120481927711
Missouri,Eggs,0.7951807228915663
Missouri,Flowers,0.6566265060240963
Missouri,Fruits,0.7771084337349398
Missouri,Grains,0.09036144578313253
Missouri,Herbs,0.7771084337349398
Missouri,Honey,0.7831325301204819
Missouri,Jams,0.8433734939759037
Missouri,Juices,0.04819277108433735
Missouri,Maple,0.09036144578313253
Missouri,Meat,0.46987951807228917
Missouri,Mushrooms,0.10240963855421686
Missouri,Nursery,0.12650602409638553
Missouri,Nuts,0.21686746987951808
Missouri,PetFood,0.10843373493975904
Missouri,Plants,0.7771084337349398
Missouri,Poultry,0.3132530120481928
Missouri,Prepared,0.5301204819277109
Missouri,Seafood,0.03614457831325301
Missouri,Soap,0.7349397590361446
Missouri,Tofu,0.006024096385542169
Missouri,Trees,0.21084337349397592
Missouri,Vegetables,0.9457831325301205
Missouri,WildHarvested,0.10843373493975904
Missouri,Wine,0.04819277108433735
Montana,Bakedgoods,0.9615384615384616
Montana,Beans,0.07692307692307693
Montana,Cheese,0.2692307692307692
Montana,Coffee,0.34615384615384615
Montana,Crafts,0.8653846153846154
Montana,Eggs,0.8269230769230769
Montana,Flowers,0.6730769230769231
Montana,Fruits,0.7307692307692307
Montana,Grains,0.15384615384615385
Montana,Herbs,0.75
Montana,Honey,0.6538461538461539
Montana,Jams,0.8653846153846154
Montana,Juices,0.17307692307692307
Montana,Maple,0.07692307692307693
Montana,Meat,0.36538461538461536
Montana,Mushrooms,0.057692307692307696
Montana,Nursery,0.19230769230769232
Montana,Nuts,0.1346153846153846
Montana,PetFood,0.23076923076923078
Montana,Plants,0.7115384615384616
Montana,Poultry,0.2692307692307692
Montana,Prepared,0.5769230769230769
Montana,Seafood,0.09615384615384616
Montana,Soap,0.75
Montana,Tofu,0.0
Montana,Trees,0.3076923076923077
Montana,Vegetables,0.9615384615384616
Montana,WildHarvested,0.1346153846153846
Montana,Wine,0.11538461538461539
Nebraska,Bakedgoods,0.9272727272727272
Nebraska,Beans,0.07272727272727272
Nebraska,Cheese,0.21818181818181817
Nebraska,Coffee,0.21818181818181817
Nebraska,Crafts,0.7090909090909091
Nebraska,Eggs,0.7454545454545455
Nebraska,Flowers,0.5454545454545454
Nebraska,Fruits,0.8
Nebraska,Grains,0.05454545454545454
Nebraska,Herbs,0.7636363636363637
Nebraska,Honey,0.6909090909090909
Nebraska,Jams,0.8181818181818182
Nebraska,Juices,0.05454545454545454
Nebraska,Maple,0.14545454545454545
Nebraska,Meat,0.36363636363636365
Nebraska,Mushrooms,0.07272727272727272
Nebraska,Nursery,0.01818181818181818
Nebraska,Nuts,0.2545454545454545
Nebraska,PetFood,0.16363636363636364
Nebraska,Plants,0.4909090909090909
Nebraska,Poultry,0.34545454545454546
Nebraska,Prepared,0.45454545454545453
Nebraska,Seafood,0.05454545454545454
Nebraska,Soap,0.4909090909090909
Nebraska,Tofu,0.0
Nebraska,Trees,0.16363636363636364
Nebraska,Vegetables,1.0
Nebraska,WildHarvested,0.05454545454545454
Nebraska,Wine,0.07272727272727272
Nevada,Bakedgoods,0.9615384615384616
Nevada,Beans,0.15384615384615385
Nevada,Cheese,0.3076923076923077
Nevada,Coffee,0.5769230769230769
Nevada,Crafts,0.7692307692307693
Nevada,Eggs,0.6923076923076923
Nevada,Flowers,0.34615384615384615
Nevada,Fruits,0.8461538461538461
Nevada,Grains,0.15384615384615385
Nevada,Herbs,0.8461538461538461
Nevada,Honey,0.9615384615384616
Nevada,Jams,0.8461538461538461
Nevada,Juices,0.38461538461538464
Nevada,Maple,0.15384615384615385
Nevada,Meat,0.38461538461538464
Nevada,Mushrooms,0.11538461538461539
Nevada,Nursery,0.038461538461538464
Nevada,Nuts,0.5384615384615384
Nevada,PetFood,0.38461538461538464
Nevada,Plants,0.34615384615384615
Nevada,Poultry,0.0
Nevada,Prepared,0.7307692307692307
Nevada,Seafood,0.23076923076923078
Nevada,Soap,0.7692307692307693
Nevada,Tofu,0.11538461538461539
Nevada,Trees,0.15384615384615385
Nevada,Vegetables,1.0
Nevada,WildHarvested,0.15384615384615385
Nevada,Wine,0.038461538461538464
New Hampshire,Bakedgoods,0.9710144927536232
New Hampshire,Beans,0.3188405797101449
New Hampshire,Cheese,0.7391304347826086
New Hampshire,Coffee,0.34782608695652173
New Hampshire,Crafts,0.782608695652174
New Hampshire,Eggs,0.9130434782608695
New Hampshire,Flowers,0.7681159420289855
New Hampshire,Fruits,0.7246376811594203
New Hampshire,Grains,0.11594202898550725
New Hampshire,Herbs,0.855072463768116
New Hampshire,Honey,0.8115942028985508
New Hampshire,Jams,0.9130434782608695
New Hampshire,Juices,0.2028985507246377
New Hampshire,Maple,0.8840579710144928
New Hampshire,Meat,0.855072463768116
New Hampshire,Mushrooms,0.2318840579710145
New Hampshire,Nursery,0.07246376811594203
New Hampshire,Nuts,0.10144927536231885
New Hampshire,PetFood,0.21739130434782608
New Hampshire,Plants,0.6376811594202898
New Hampshire,Poultry,0.7101449275362319
New Hampshire,Prepared,0.8260869565217391
New Hampshire,Seafood,0.34782608695652173
New Hampshire,Soap,0.855072463768116
New Hampshire,Tofu,0.0
New Hampshire,Trees,0.15942028985507245
New Hampshire,Vegetables,0.9710144927536232
New Hampshire,WildHarvested,0.15942028985507245
New Hampshire,Wine,0.43478260869565216
New Jersey,Bakedgoods,0.8557692307692307
New Jersey,Beans,0.04807692307692308
New Jersey,Cheese,0.6442307692307693
New Jersey,Coffee,0.40384615384615385
New Jersey,Crafts,0.5096153846153846
New Jersey,Eggs,0.6538461538461539
New Jersey,Flowers,0.7788461538461539
New Jersey,Fruits,0.6826923076923077
New Jersey,Grains,0.125
New Jersey,Herbs,0.7596153846153846
New Jersey,Honey,0.8557692307692307
New Jersey,Jams,0.8076923076923077
New Jersey,Juices,0.36538461538461536
New Jersey,Maple,0.20192307692307693
New Jersey,Meat,0.5096153846153846
New Jersey,Mushrooms,0.21153846153846154
New Jersey,Nursery,0.08653846153846154
New Jersey,Nuts,0.4519230769230769
New Jersey,PetFood,0.19230769230769232
New Jersey,Plants,0.5192307692307693
New Jersey,Poultry,0.3942307692307692
New Jersey,Prepared,0.7692307692307693
New Jersey,Seafood,0.3173076923076923
New Jersey,Soap,0.6634615384615384
New Jersey,Tofu,0.038461538461538464
New Jersey,Trees,0.15384615384615385
New Jersey,Vegetables,0.9711538461538461
New Jersey,WildHarvested,0.1346153846153846
New Jersey,Wine,0.2403846153846154
New Mexico,Bakedgoods,0.48214285714285715
New Mexico,Beans,0.17857142857142858
New Mexico,Cheese,0.21428571428571427
New Mexico,Coffee,0.125
New Mexico,Crafts,0.44642857142857145
New Mexico,Eggs,0.5535714285714286
New Mexico,Flowers,0.35714285714285715
New Mexico,Fruits,0.6964285714285714
New Mexico,Grains,0.14285714285714285
New Mexico,Herbs,0.4642857142857143
New Mexico,Honey,0.5178571428571429
New Mexico,Jams,0.39285714285714285
New Mexico,Juices,0.125
New Mexico,Maple,0.0
New Mexico,Meat,0.25
New Mexico,Mushrooms,0.05357142857142857
New Mexico,Nursery,0.03571428571428571
New Mexico,Nuts,0.2857142857142857
New Mexico,PetFood,0.08928571428571429
New Mexico,Plants,0.23214285714285715
New Mexico,Poultry,0.125
New Mexico,Prepared,0.26785714285714285
New Mexico,Seafood,0.03571428571428571
New Mexico,Soap,0.375
New Mexico,Tofu,0.017857142857142856
New Mexico,Trees,0.17857142857142858
New Mexico,Vegetables,0.7857142857142857
New Mexico,WildHarvested,0.08928571428571429
New Mexico,Wine,0.017857142857142856
New York,Bakedgoods,0.8066666666666666
New York,Beans,0.06222222222222222
New York,Cheese,0.5533333333333333
New York,Coffee,0.25333333333333335
New York,Crafts,0.43777777777777777
New York,Eggs,0.6888888888888889
New York,Flowers,0.5755555555555556
New York,Fruits,0.7644444444444445
New York,Grains,0.08444444444444445
New York,Herbs,0.6577777777777778
New York,Honey,0.7044444444444444
New York,Jams,0.6955555555555556
New York,Juices,0.18666666666666668
New York,Maple,0.5644444444444444
New York,Meat,0.5422222222222223
New York,Mushrooms,0.21333333333333335
New York,Nursery,0.06
New York,Nuts,0.15555555555555556
New York,PetFood,0.12
New York,Plants,0.5622222222222222
New York,Poultry,0.4911111111111111
New York,Prepared,0.46
New York,Seafood,0.18666666666666668
New York,Soap,0.5
New York,Tofu,0.04
New York,Trees,0.1511111111111111
New York,Vegetables,0.9466666666666667
New York,WildHarvested,0.10666666666666667
New York,Wine,0.37777777777777777
North Carolina,Bakedgoods,0.8711656441717791
North Carolina,Beans,0.15337423312883436
North Carolina,Cheese,0.5214723926380368
North Carolina,Coffee,0.3067484662576687
North Carolina,Crafts,0.754601226993865
North Carolina,Eggs,0.8466257668711656
North Carolina,Flowers,0.803680981595092
North Carolina,Fruits,0.8650306748466258
North Carolina,Grains,0.17791411042944785
North Carolina,Herbs,0.8159509202453987
North Carolina,Honey,0.8650306748466258
North Carolina,Jams,0.8282208588957055
North Carolina,Juices,0.20245398773006135
North Carolina,Maple,0.09202453987730061
North Carolina,Meat,0.656441717791411
North Carolina,Mushrooms,0.3558282208588957
North Carolina,Nursery,0.024539877300613498
North Carolina,Nuts,0.3374233128834356
North Carolina,PetFood,0.17791411042944785
North Carolina,Plants,0.803680981595092
North Carolina,Poultry,0.588957055214724
North Carolina,Prepared,0.5214723926380368
North Carolina,Seafood,0.3312883435582822
North Carolina,Soap,0.7177914110429447
North Carolina,Tofu,0.012269938650306749
North Carolina,Trees,0.4662576687116564
North Carolina,Vegetables,0.9754601226993865
North Carolina,WildHarvested,0.15950920245398773
North Carolina,Wine,0.2085889570552147
North Dakota,Bakedgoods,1.0
North Dakota,Beans,0.0625
North Dakota,Cheese,0.0625
North Dakota,Coffee,0.0625
North Dakota,Crafts,0.75
North Dakota,Eggs,0.25
North Dakota,Flowers,0.6875
North Dakota,Fruits,0.5625
North Dakota,Grains,0.125
North Dakota,Herbs,0.625
North Dakota,Honey,0.5
North Dakota,Jams,0.875
North Dakota,Juices,0.0
North Dakota,Maple,0.0625
North Dakota,Meat,0.1875
North Dakota,Mushrooms,0.0
North Dakota,Nursery,0.0
North Dakota,Nuts,0.0
North Dakota,PetFood,0.0625
North Dakota,Plants,0.5
North Dakota,Poultry,0.125
North Dakota,Prepared,0.375
North Dakota,Seafood,0.0
North Dakota,Soap,0.4375
North Dakota,Tofu,0.0
North Dakota,Trees,0.0
North Dakota,Vegetables,0.9375
North Dakota,WildHarvested,0.0
North Dakota,Wine,0.0625
Ohio,Bakedgoods,0.9510869565217391
Ohio,Beans,0.14673913043478262
Ohio,Cheese,0.4782608695652174
Ohio,Coffee,0.41847826086956524
Ohio,Crafts,0.6086956521739131
Ohio,Eggs,0.6739130434782609
Ohio,Flowers,0.7336956521739131
Ohio,Fruits,0.8967391304347826
Ohio,Grains,0.1793478260869565
Ohio,Herbs,0.8206521739130435
Ohio,Honey,0.8586956521739131
Ohio,Jams,0.8641304347826086
Ohio,Juices,0.25
Ohio,Maple,0.6793478260869565
Ohio,Meat,0.5543478260869565
Ohio,Mushrooms,0.20108695652173914
Ohio,Nursery,0.03260869565217391
Ohio,Nuts,0.15217391304347827
Ohio,PetFood,0.2608695652173913
Ohio,Plants,0.7336956521739131
Ohio,Poultry,0.5054347826086957
Ohio,Prepared,0.5380434782608695
Ohio,Seafood,0.06521739130434782
Ohio,Soap,0.7717391304347826
Ohio,Tofu,0.02717391304347826
Ohio,Trees,0.25
Ohio,Vegetables,0.9836956521739131
Ohio,WildHarvested,0.10869565217391304
Ohio,Wine,0.08152173913043478
Oklahoma,Bakedgoods,0.5588235294117647
Oklahoma,Beans,0.029411764705882353
Oklahoma,Cheese,0.29411764705882354
Oklahoma,Coffee,0.08823529411764706
Oklahoma,Crafts,0.6470588235294118
Oklahoma,Eggs,0.6764705882352942
Oklahoma,Flowers,0.5294117647058824
Oklahoma,Fruits,0.6764705882352942
Oklahoma,Grains,0.058823529411764705
Oklahoma,Herbs,0.7647058823529411
Oklahoma,Honey,0.6764705882352942
Oklahoma,Jams,0.5882352941176471
Oklahoma,Juices,0.058823529411764705
Oklahoma,Maple,0.058823529411764705
Oklahoma,Meat,0.5
Oklahoma,Mushrooms,0.11764705882352941
Oklahoma,Nursery,0.058823529411764705
Oklahoma,Nuts,0.4117647058823529
Oklahoma,PetFood,0.14705882352941177
Oklahoma,Plants,0.7352941176470589
Oklahoma,Poultry,0.29411764705882354
Oklahoma,Prepared,0.4411764705882353
Oklahoma,Seafood,0.029411764705882353
Oklahoma,Soap,0.7058823529411765
Oklahoma,Tofu,0.029411764705882353
Oklahoma,Trees,0.20588235294117646
Oklahoma,Vegetables,0.9705882352941176
Oklahoma,WildHarvested,0.029411764705882353
Oklahoma,Wine,0.11764705882352941
Oregon,Bakedgoods,0.7868852459016393
Oregon,Beans,0.1721311475409836
Oregon,Cheese,0.4672131147540984
Oregon,Coffee,0.4344262295081967
Oregon,Crafts,0.6475409836065574
Oregon,Eggs,0.7377049180327869
Oregon,Flowers,0.7540983606557377
Oregon,Fruits,0.7868852459016393
Oregon,Grains,0.22131147540983606
Oregon,Herbs,0.7540983606557377
Oregon,Honey,0.7704918032786885
Oregon,Jams,0.8114754098360656
Oregon,Juices,0.30327868852459017
Oregon,Maple,0.040983606557377046
Oregon,Meat,0.6229508196721312
Oregon,Mushrooms,0.36065573770491804
Oregon,Nursery,0.02459016393442623
Oregon,Nuts,0.47540983606557374
Oregon,PetFood,0.1885245901639344
Oregon,Plants,0.6885245901639344
Oregon,Poultry,0.5
Oregon,Prepared,0.7622950819672131
Oregon,Seafood,0.4098360655737705
Oregon,Soap,0.6885245901639344
Oregon,Tofu,0.06557377049180328
Oregon,Trees,0.4918032786885246
Oregon,Vegetables,0.8688524590163934
Oregon,WildHarvested,0.36885245901639346
Oregon,Wine,0.4180327868852459
Pennsylvania,Bakedgoods,0.8125
Pennsylvania,Beans,0.09027777777777778
Pennsylvania,Cheese,0.5625
Pennsylvania,Coffee,0.4375
Pennsylvania,Crafts,0.4097222222222222
Pennsylvania,Eggs,0.6527777777777778
Pennsylvania,Flowers,0.6041666666666666
Pennsylvania,Fruits,0.8680555555555556
Pennsylvania,Grains,0.1527777777777778
Pennsylvania,Herbs,0.6180555555555556
Pennsylvania,Honey,0.6597222222222222
Pennsylvania,Jams,0.6597222222222222
Pennsylvania,Juices,0.2777777777777778
Pennsylvania,Maple,0.4375
Pennsylvania,Meat,0.5347222222222222
Pennsylvania,Mushrooms,0.3125
Pennsylvania,Nursery,0.034722222222222224
Pennsylvania,Nuts,0.14583333333333334
Pennsylvania,PetFood,0.22916666666666666
Pennsylvania,Plants,0.4930555555555556
Pennsylvania,Poultry,0.4722222222222222
Pennsylvania,Prepared,0.5763888888888888
Pennsylvania,Seafood,0.1388888888888889
Pennsylvania,Soap,0.5763888888888888
Pennsylvania,Tofu,0.034722222222222224
Pennsylvania,Trees,0.14583333333333334
Pennsylvania,Vegetables,0.9583333333333334
Pennsylvania,WildHarvested,0.125
Pennsylvania,Wine,0.3194444444444444
Rhode Island,Bakedgoods,0.6764705882352942
Rhode Island,Beans,0.11764705882352941
Rhode Island,Cheese,0.5
Rhode Island,Coffee,0.4411764705882353
Rhode Island,Crafts,0.3235294117647059
Rhode Island,Eggs,0.6764705882352942
Rhode Island,Flowers,0.5294117647058824
Rhode Island,Fruits,0.9705882352941176
Rhode Island,Grains,0.11764705882352941
Rhode Island,Herbs,0.6470588235294118
Rhode Island,Honey,0.7058823529411765
Rhode Island,Jams,0.5294117647058824
Rhode Island,Juices,0.4117647058823529
Rhode Island,Maple,0.29411764705882354
Rhode Island,Meat,0.47058823529411764
Rhode Island,Mushrooms,0.3235294117647059
Rhode Island,Nursery,0.0
Rhode Island,Nuts,0.058823529411764705
Rhode Island,PetFood,0.2647058823529412
Rhode Island,Plants,0.47058823529411764
Rhode Island,Poultry,0.4117647058823529
Rhode Island,Prepared,0.6176470588235294
Rhode Island,Seafood,0.38235294117647056
Rhode Island,Soap,0.5882352941176471
Rhode Island,Tofu,0.029411764705882353
Rhode Island,Trees,0.08823529411764706
Rhode Island,Vegetables,0.9705882352941176
Rhode Island,WildHarvested,0.08823529411764706
Rhode Island,Wine,0.0
South Carolina,Bakedgoods,0.8656716417910447
South Carolina,Beans,0.16417910447761194
South Carolina,Cheese,0.6716417910447762
South Carolina,Coffee,0.43283582089552236
South Carolina,Crafts,0.7164179104477612
South Carolina,Eggs,0.8208955223880597
South Carolina,Flowers,0.5671641791044776
South Carolina,Fruits,0.8208955223880597
South Carolina,Grains,0.19402985074626866
South Carolina,Herbs,0.7164179104477612
South Carolina,Honey,0.8805970149253731
South Carolina,Jams,0.7761194029850746
South Carolina,Juices,0.34328358208955223
South Carolina,Maple,0.19402985074626866
South Carolina,Meat,0.6567164179104478
South Carolina,Mushrooms,0.13432835820895522
South Carolina,Nursery,0.07462686567164178
South Carolina,Nuts,0.4626865671641791
South Carolina,PetFood,0.19402985074626866
South Carolina,Plants,0.582089552238806
South Carolina,Poultry,0.44776119402985076
South Carolina,Prepared,0.6417910447761194
South Carolina,Seafood,0.5373134328358209
South Carolina,Soap,0.7611940298507462
South Carolina,Tofu,0.04477611940298507
South Carolina,Trees,0.47761194029850745
South Carolina,Vegetables,0.9552238805970149
South Carolina,WildHarvested,0.1044776119402985
South Carolina,Wine,0.1044776119402985
South Dakota,Bakedgoods,0.9130434782608695
South Dakota,Beans,0.2608695652173913
South Dakota,Cheese,0.34782608695652173
South Dakota,Coffee,0.391304347826087
South Dakota,Crafts,0.7391304347826086
South Dakota,Eggs,0.8260869565217391
South Dakota,Flowers,0.6956521739130435
South Dakota,Fruits,0.7391304347826086
South Dakota,Grains,0.21739130434782608
South Dakota,Herbs,0.9130434782608695
South Dakota,Honey,0.9565217391304348
South Dakota,Jams,0.8260869565217391
South Dakota,Juices,0.0
South Dakota,Maple,0.08695652173913043
South Dakota,Meat,0.5652173913043478
South Dakota,Mushrooms,0.0
South Dakota,Nursery,0.043478260869565216
South Dakota,Nuts,0.0
South Dakota,PetFood,0.17391304347826086
South Dakota,Plants,0.5217391304347826
South Dakota,Poultry,0.4782608695652174
South Dakota,Prepared,0.6086956521739131
South Dakota,Seafood,0.08695652173913043
South Dakota,Soap,0.782608695652174
South Dakota,Tofu,0.043478260869565216
South Dakota,Trees,0.13043478260869565
South Dakota,Vegetables,1.0
South Dakota,WildHarvested,0.043478260869565216
South Dakota,Wine,0.043478260869565216
Tennessee,Bakedgoods,0.926829268292683
Tennessee,Beans,0.13414634146341464
Tennessee,Cheese,0.4878048780487805
Tennessee,Coffee,0.4146341463414634
Tennessee,Crafts,0.6829268292682927
Tennessee,Eggs,0.8658536585365854
Tennessee,Flowers,0.7439024390243902
Tennessee,Fruits,0.8658536585365854
Tennessee,Grains,0.2804878048780488
Tennessee,Herbs,0.8414634146341463
Tennessee,Honey,0.926829268292683
Tennessee,Jams,0.9024390243902439
Tennessee,Juices,0.2926829268292683
Tennessee,Maple,0.15853658536585366
Tennessee,Meat,0.7439024390243902
Tennessee,Mushrooms,0.3780487804878049
Tennessee,Nursery,0.012195121951219513
Tennessee,Nuts,0.3170731707317073
Tennessee,PetFood,0.32926829268292684
Tennessee,Plants,0.7073170731707317
Tennessee,Poultry,0.573170731707317
Tennessee,Prepared,0.6097560975609756
Tennessee,Seafood,0.1951219512195122
Tennessee,Soap,0.7926829268292683
Tennessee,Tofu,0.036585365853658534
Tennessee,Trees,0.3170731707317073
Tennessee,Vegetables,0.975609756097561
Tennessee,WildHarvested,0.21951219512195122
Tennessee,Wine,0.036585365853658534
Texas,Bakedgoods,0.9212598425196851
Texas,Beans,0.15748031496062992
Texas,Cheese,0.4881889763779528
Texas,Coffee,0.5590551181102362
Texas,Crafts,0.6535433070866141
Texas,Eggs,0.905511811023622
Texas,Flowers,0.5511811023622047
Texas,Fruits,0.8503937007874016
Texas,Grains,0.23622047244094488
Texas,Herbs,0.8188976377952756
Texas,Honey,0.889763779527559
Texas,Jams,0.9212598425196851
Texas,Juices,0.36220472440944884
Texas,Maple,0.2047244094488189
Texas,Meat,0.7874015748031497
Texas,Mushrooms,0.2204724409448819
Texas,Nursery,0.031496062992125984
Texas,Nuts,0.5748031496062992
Texas,PetFood,0.3700787401574803
Texas,Plants,0.6456692913385826
Texas,Poultry,0.5826771653543307
Texas,Prepared,0.6929133858267716
Texas,Seafood,0.25984251968503935
Texas,Soap,0.8818897637795275
Texas,Tofu,0.05511811023622047
Texas,Trees,0.3779527559055118
Texas,Vegetables,0.9763779527559056
Texas,WildHarvested,0.2283464566929134
Texas,Wine,0.2677165354330709
Utah,Bakedgoods,0.967741935483871
Utah,Beans,0.1935483870967742
Utah,Cheese,0.5483870967741935
Utah,Coffee,0.4838709677419355
Utah,Crafts,0.7741935483870968
Utah,Eggs,0.8064516129032258
Utah,Flowers,0.5483870967741935
Utah,Fruits,0.8709677419354839
Utah,Grains,0.12903225806451613
Utah,Herbs,0.8709677419354839
Utah,Honey,0.9032258064516129
Utah,Jams,0.8064516129032258
Utah,Juices,0.3548387096774194
Utah,Maple,0.06451612903225806
Utah,Meat,0.5161290322580645
Utah,Mushrooms,0.1935483870967742
Utah,Nursery,0.06451612903225806
Utah,Nuts,0.3225806451612903
Utah,PetFood,0.1935483870967742
Utah,Plants,0.5483870967741935
Utah,Poultry,0.25806451612903225
Utah,Prepared,0.7419354838709677
Utah,Seafood,0.1935483870967742
Utah,Soap,0.8387096774193549
Utah,Tofu,0.0
Utah,Trees,0.1935483870967742
Utah,Vegetables,1.0
Utah,WildHarvested,0.1935483870967742
Utah,Wine,0.06451612903225806
Vermont,Bakedgoods,0.9705882352941176
Vermont,Beans,0.23529411764705882
Vermont,Cheese,0.6617647058823529
Vermont,Coffee,0.4411764705882353
Vermont,Crafts,0.9264705882352942
Vermont,Eggs,0.8529411764705882
Vermont,Flowers,0.7352941176470589
Vermont,Fruits,0.7794117647058824
Vermont,Grains,0.11764705882352941
Vermont,Herbs,0.8676470588235294
Vermont,Honey,0.7941176470588235
Vermont,Jams,0.9411764705882353
Vermont,Juices,0.47058823529411764
Vermont,Maple,0.8970588235294118
Vermont,Meat,0.7941176470588235
Vermont,Mushrooms,0.27941176470588236
Vermont,Nursery,0.058823529411764705
Vermont,Nuts,0.08823529411764706
Vermont,PetFood,0.1323529411764706
Vermont,Plants,0.7352941176470589
Vermont,Poultry,0.7205882352941176
Vermont,Prepared,0.9117647058823529
Vermont,Seafood,0.10294117647058823
Vermont,Soap,0.7941176470588235
Vermont,Tofu,0.08823529411764706
Vermont,Trees,0.16176470588235295
Vermont,Vegetables,0.9558823529411765
Vermont,WildHarvested,0.36764705882352944
Vermont,Wine,0.35294117647058826
Virginia,Bakedgoods,0.9668508287292817
Virginia,Beans,0.14917127071823205
Virginia,Cheese,0.5580110497237569
Virginia,Coffee,0.4088397790055249
Virginia,Crafts,0.6629834254143646
Virginia,Eggs,0.9281767955801105
Virginia,Flowers,0.7734806629834254
Virginia,Fruits,0.8895027624309392
Virginia,Grains,0.11049723756906077
Virginia,Herbs,0.8287292817679558
Virginia,Honey,0.8121546961325967
Virginia,Jams,0.9060773480662984
Virginia,Juices,0.30386740331491713
Virginia,Maple,0.1878453038674033
Virginia,Meat,0.7900552486187845
Virginia,Mushrooms,0.32044198895027626
Virginia,Nursery,0.03867403314917127
Virginia,Nuts,0.3259668508287293
Virginia,PetFood,0.2983425414364641
Virginia,Plants,0.7624309392265194
Virginia,Poultry,0.6961325966850829
Virginia,Prepared,0.7403314917127072
Virginia,Seafood,0.3370165745856354
Virginia,Soap,0.7403314917127072
Virginia,Tofu,0.03867403314917127
Virginia,Trees,0.4088397790055249
Virginia,Vegetables,0.9779005524861878
Virginia,WildHarvested,0.17679558011049723
Virginia,Wine,0.2541436464088398
Washington,Bakedgoods,0.9312977099236641
Washington,Beans,0.2748091603053435
Washington,Cheese,0.7099236641221374
Washington,Coffee,0.4122137404580153
Washington,Crafts,0.7709923664122137
Washington,Eggs,0.7709923664122137
Washington,Flowers,0.916030534351145
Washington,Fruits,0.8931297709923665
Washington,Grains,0.09923664122137404
Washington,Herbs,0.8625954198473282
Washington,Honey,0.9083969465648855
Washington,Jams,0.8473282442748091
Washington,Juices,0.3053435114503817
Washington,Maple,0.030534351145038167
Washington,Meat,0.6030534351145038
Washington,Mushrooms,0.22137404580152673
Washington,Nursery,0.05343511450381679
Washington,Nuts,0.48091603053435117
Washington,PetFood,0.19083969465648856
Washington,Plants,0.7557251908396947
Washington,Poultry,0.48854961832061067
Washington,Prepared,0.8396946564885496
Washington,Seafood,0.45038167938931295
Washington,Soap,0.7862595419847328
Washington,Tofu,0.015267175572519083
Washington,Trees,0.48091603053435117
Washington,Vegetables,0.9770992366412213
Washington,WildHarvested,0.22900763358778625
Washington,Wine,0.45038167938931295
West Virginia,Bakedgoods,0.9642857142857143
West Virginia,Beans,0.125
West Virginia,Cheese,0.2857142857142857
West Virginia,Coffee,0.25
West Virginia,Crafts,0.7321428571428571
West Virginia,Eggs,0.875
West Virginia,Flowers,0.5714285714285714
West Virginia,Fruits,0.7857142857142857
West Virginia,Grains,0.21428571428571427
West Virginia,Herbs,0.7857142857142857
West Virginia,Honey,0.875
West Virginia,Jams,0.8571428571428571
West Virginia,Juices,0.19642857142857142
West Virginia,Maple,0.48214285714285715
West Virginia,Meat,0.5714285714285714
West Virginia,Mushrooms,0.125
West Virginia,Nursery,0.03571428571428571
West Virginia,Nuts,0.10714285714285714
West Virginia,PetFood,0.125
West Virginia,Plants,0.7321428571428571
West Virginia,Poultry,0.5357142857142857
West Virginia,Prepared,0.39285714285714285
West Virginia,Seafood,0.10714285714285714
West Virginia,Soap,0.6428571428571429
West Virginia,Tofu,0.0
West Virginia,Trees,0.26785714285714285
West Virginia,Vegetables,0.9642857142857143
West Virginia,WildHarvested,0.10714285714285714
West Virginia,Wine,0.03571428571428571
Wisconsin,Bakedgoods,0.8775510204081632
Wisconsin,Beans,0.16326530612244897
Wisconsin,Cheese,0.49489795918367346
Wisconsin,Coffee,0.34183673469387754
Wisconsin,Crafts,0.6887755102040817
Wisconsin,Eggs,0.6479591836734694
Wisconsin,Flowers,0.8571428571428571
Wisconsin,Fruits,0.7857142857142857
Wisconsin,Grains,0.1377551020408163
Wisconsin,Herbs,0.8724489795918368
Wisconsin,Honey,0.8928571428571429
Wisconsin,Jams,0.9081632653061225
Wisconsin,Juices,0.21428571428571427
Wisconsin,Maple,0.7346938775510204
Wisconsin,Meat,0.6173469387755102
Wisconsin,Mushrooms,0.3469387755102041
Wisconsin,Nursery,0.09693877551020408
Wisconsin,Nuts,0.1836734693877551
Wisconsin,PetFood,0.16326530612244897
Wisconsin,Plants,0.7346938775510204
Wisconsin,Poultry,0.5153061224489796
Wisconsin,Prepared,0.5510204081632653
Wisconsin,Seafood,0.2653061224489796
Wisconsin,Soap,0.7602040816326531
Wisconsin,Tofu,0.02040816326530612
Wisconsin,Trees,0.2857142857142857
Wisconsin,Vegetables,0.9693877551020408
Wisconsin,WildHarvested,0.18877551020408162
Wisconsin,Wine,0.04081632653061224
Wyoming,Bakedgoods,0.967741935483871
Wyoming,Beans,0.06451612903225806
Wyoming,Cheese,0.5161290322580645
Wyoming,Coffee,0.3870967741935484
Wyoming,Crafts,0.7741935483870968
Wyoming,Eggs,0.8064516129032258
Wyoming,Flowers,0.3225806451612903
Wyoming,Fruits,0.6129032258064516
Wyoming,Grains,0.16129032258064516
Wyoming,Herbs,0.7096774193548387
Wyoming,Honey,0.6774193548387096
Wyoming,Jams,0.9032258064516129
Wyoming,Juices,0.12903225806451613
Wyoming,Maple,0.12903225806451613
Wyoming,Meat,0.5161290322580645
Wyoming,Mushrooms,0.16129032258064516
Wyoming,Nursery,0.06451612903225806
Wyoming,Nuts,0.16129032258064516
Wyoming,PetFood,0.0967741935483871
Wyoming,Plants,0.2903225806451613
Wyoming,Poultry,0.3548387096774194
Wyoming,Prepared,0.5161290322580645
Wyoming,Seafood,0.16129032258064516
Wyoming,Soap,0.7741935483870968
Wyoming,Tofu,0.0
Wyoming,Trees,0.12903225806451613
Wyoming,Vegetables,0.9354838709677419
Wyoming,WildHarvested,0.0967741935483871
Wyoming,Wine,0.06451612903225806
